block_idx,block_name,n_anchors,microprice__joint__raw,microprice__joint__net,microprice__prem_byb__raw,microprice__prem_byb__net,microprice__prem_okx__raw,microprice__prem_okx__net,microprice__prem_bin__raw,microprice__prem_bin__net,microprice__gap_okx-byb__raw,microprice__gap_okx-byb__net,microprice__gap_bin-byb__raw,microprice__gap_bin-byb__net,ofi_normalised__joint__raw,ofi_normalised__joint__net,ofi_normalised__byb__raw,ofi_normalised__byb__net,ofi_normalised__okx__raw,ofi_normalised__okx__net,ofi_normalised__bin__raw,ofi_normalised__bin__net,ofi__joint__raw,ofi__joint__net,ofi__byb__raw,ofi__byb__net,ofi__bin__raw,ofi__bin__net,ofi__okx__raw,ofi__okx__net,price_momentum__joint__raw,price_momentum__joint__net,price_momentum__byb__raw,price_momentum__byb__net,price_momentum__okx__raw,price_momentum__okx__net,price_momentum__bin__raw,price_momentum__bin__net,flow_persistence__joint__raw,flow_persistence__joint__net,flow_persistence__bin__raw,flow_persistence__bin__net,flow_persistence__byb__raw,flow_persistence__byb__net,flow_persistence__okx__raw,flow_persistence__okx__net,xv_book_pressure__joint__raw,xv_book_pressure__joint__net,xv_book_pressure__gap_okx-byb_QI__raw,xv_book_pressure__gap_okx-byb_QI__net,xv_book_pressure__gap_okx-byb_prem__raw,xv_book_pressure__gap_okx-byb_prem__net,xv_book_pressure__gap_bin-byb_QI__raw,xv_book_pressure__gap_bin-byb_QI__net,xv_book_pressure__gap_bin-byb_prem__raw,xv_book_pressure__gap_bin-byb_prem__net,trade_rate_surge__joint__raw,trade_rate_surge__joint__net,trade_rate_surge__byb__raw,trade_rate_surge__byb__net,trade_rate_surge__okx__raw,trade_rate_surge__okx__net,trade_rate_surge__bin__raw,trade_rate_surge__bin__net,mid_rate_surge__joint__raw,mid_rate_surge__joint__net,mid_rate_surge__byb__raw,mid_rate_surge__byb__net,mid_rate_surge__okx__raw,mid_rate_surge__okx__net,mid_rate_surge__bin__raw,mid_rate_surge__bin__net,trade_rate_normalised__joint__raw,trade_rate_normalised__joint__net,trade_rate_normalised__byb__raw,trade_rate_normalised__byb__net,trade_rate_normalised__okx__raw,trade_rate_normalised__okx__net,trade_rate_normalised__bin__raw,trade_rate_normalised__bin__net,volume_normalised__joint__raw,volume_normalised__joint__net,volume_normalised__byb__raw,volume_normalised__byb__net,volume_normalised__okx__raw,volume_normalised__okx__net,volume_normalised__bin__raw,volume_normalised__bin__net,vol_over_rate__joint__raw,vol_over_rate__joint__net,vol_over_rate__byb__raw,vol_over_rate__byb__net,vol_over_rate__okx__raw,vol_over_rate__okx__net,vol_over_rate__bin__raw,vol_over_rate__bin__net,volume_surge__joint__raw,volume_surge__joint__net,volume_surge__byb__raw,volume_surge__byb__net,volume_surge__bin__raw,volume_surge__bin__net,volume_surge__okx__raw,volume_surge__okx__net,gap_dynamics__joint__raw,gap_dynamics__joint__net,gap_dynamics__okx__raw,gap_dynamics__okx__net,gap_dynamics__bin__raw,gap_dynamics__bin__net,range_breakout__joint__raw,range_breakout__joint__net,range_breakout__byb__raw,range_breakout__byb__net,range_breakout__bin__raw,range_breakout__bin__net,range_breakout__okx__raw,range_breakout__okx__net,flow_imbalance__joint__raw,flow_imbalance__joint__net,flow_imbalance__bin__raw,flow_imbalance__bin__net,flow_imbalance__byb__raw,flow_imbalance__byb__net,flow_imbalance__okx__raw,flow_imbalance__okx__net
0,holocron.20260520T135822.0,1706369,0.2599032454634964,0.16835197369440114,0.24898163990165706,0.1575591782790171,0.1967987825714436,0.11902423256089022,0.22158099943183554,0.140472090821528,0.07712300609577366,0.04581460973411815,0.03398243959457617,0.015087406529612865,0.28515119900250724,0.19326060083498808,0.22073467448004677,0.12827839968606808,0.2329650208377423,0.14639517821146852,0.2631564809048249,0.17965252357868305,0.2760318828720535,0.18420982654397383,0.21205557368290684,0.11996354701589158,0.24884480383601304,0.16716006531032723,0.22360461146732505,0.13799653971981984,0.17714710772367148,0.11063508184026062,0.10990312980993842,-0.02928284674893411,0.12614577068554125,0.06358218419394031,0.17428801890940585,0.10475762114105479,0.16678744739804308,0.0880018767177174,0.1582431637349122,0.08546558743147255,0.11330749076043846,0.04865931406006306,0.11131343840954129,0.050771749377499245,0.06586099270570199,0.040058305376838174,0.0750960121204282,0.04607785986268552,0.07712300609577366,0.04581460973411815,0.03161242388106686,0.015342909352925233,0.03398243959457617,0.015087406529612865,0.09003251074171724,0.04720372291241437,0.05241083404144241,0.011279306810754314,0.05083796789434397,0.01934886888168527,0.084100534401272,0.048697673520831986,0.1321570574901646,0.07904348456569202,0.05189412314163894,0.0023526648044554788,0.0660433190747728,0.03052140181887475,0.11105749703151217,0.07332479589590521,0.10659541186846165,0.0570440805130521,0.05660342458205676,0.00995287306014031,0.043380089570679944,0.014469085719214902,0.08930788407067487,0.05762991654723451,0.0042524824748575996,0.004442923660919668,0.0009523776597641781,0.0007683298735772226,0.0012872247790059327,0.001658398310978998,0.0049321574761489045,0.004932115429053557,-0.00840518659672608,-0.005016930940250519,-0.020307504383340676,-0.015726534873033562,-0.01044047018249089,-0.0065377621985125145,-0.004536654445398927,-0.0001230930447522205,0.010083326872897438,0.0076821010705225845,-0.00019265429458993621,-0.0004505065572163458,0.0107814396562943,0.009103970435578923,0.0002840943853838346,-0.0004934291077780539,0.08052085199971332,0.05382986943789618,0.044752291864231304,0.02911508555371678,0.08032999973003836,0.05319691260732955,0.1508384457266058,0.08928268158129689,0.10036773582993988,0.03218649688545956,0.1641750069878844,0.08973733987659548,0.12156101721234756,0.05868862714391877,0.15849739053245798,0.08424387096975443,0.1384655309413419,0.07800185857475476,0.09987596489571444,0.0422698643390647,0.0944394426852165,0.04426479647712865
1,holocron.20260520T135822.1,1701779,0.2414400291212605,0.1520626659436179,0.230739960963851,0.14184231164302424,0.18750912857789112,0.10989109826999131,0.21382890970567522,0.1327052087376741,0.05448642350210742,0.0295038366626499,-0.011553701129739876,-0.006714911956826594,0.26489164123025827,0.17140578924079092,0.2064430050060416,0.11401407133527929,0.21904229326507563,0.13257706296661437,0.24188129699199096,0.15811607915039894,0.25588943577804485,0.16236942157361067,0.19853652018346674,0.10646679150739911,0.22660890127305064,0.14505845919074067,0.2072891882710495,0.12230171096766897,0.1712853166097179,0.09960963706415486,0.1135369918360085,-0.0281757203793728,0.12760106823107686,0.06172653575687957,0.16948364470714558,0.0979677259278783,0.1676881199105042,0.08687499114894946,0.15719650666936463,0.08246542692687493,0.11678319107341882,0.05022371020693135,0.11606711839204678,0.05091357613526935,0.04549963260218878,0.027013194524907982,0.05169956037611026,0.029950060039922136,0.05448642350210742,0.0295038366626499,0.009740509447396142,0.003088497414695926,-0.011553701129739876,-0.006714911956826594,0.08870808184434305,0.045486285303342505,0.056077207006627855,0.01421621509576737,0.051566804985584455,0.01863198352219675,0.08533252345200303,0.047003049968715044,0.1310727889432584,0.07840290870136846,0.0533741019540703,0.0030075033888573854,0.06831888391849918,0.03238744013517214,0.11153025852449676,0.07272895637384075,0.09715043799426983,0.04976841698494269,0.058797716240921075,0.012970460715665516,0.03683777781334889,0.0075054318525590025,0.08680860322008753,0.05374464118046021,0.0029793854148284366,0.0029316647961486475,-2.2347663852922972e-05,2.844788253236752e-05,0.0012002367489887117,0.001033174313065488,0.0026506945179013836,0.002640597119428628,-0.029760433101097883,-0.022680559235555814,-0.025556942792871823,-0.01970454035090849,-0.01375413533620757,-0.007822448505616336,-0.004131897398920267,0.0016645180852532804,0.010750340339263503,0.009259396291954824,-0.00032840933118416515,-0.0004248977382139141,0.011176719241802968,0.010173611304933272,0.0006623979850813588,9.07854354135762e-05,0.07621999204102047,0.04476739841375542,0.03699967962686394,0.01867521687906168,0.07611305217696072,0.04436407441886779,0.14523456963105508,0.07926209038970854,0.10558291153087454,0.03591978297068389,0.15863788653562338,0.0826071292881571,0.12188700847215025,0.05530204011374808,0.16154090144023647,0.08456414985990944,0.13891034550862857,0.07573695705636084,0.10663408262633932,0.046830571404653645,0.09892656902594257,0.04499273728256768
2,holocron.20260520T135822.2,1700649,0.2548430416296062,0.15150212522391754,0.24396080576198512,0.1409073024146301,0.20162681219436906,0.11483192951101912,0.21847465077449404,0.12900315379162028,0.047733041126165845,0.023311084519763492,0.006593335331830596,-0.001154955815852704,0.2859717704709566,0.1840868132436534,0.21598375084626362,0.11254510996290706,0.23683854298797652,0.1412661618940589,0.25130559097829236,0.16243508558231318,0.2750379883031765,0.17327033091905708,0.2060732670804833,0.10342532762109788,0.23335976933027372,0.14797057754089915,0.22212517350802977,0.12907874045993178,0.197840891701644,0.11452225182525017,0.11465944054815404,-0.014611045120325447,0.14045494272452108,0.06588166383440272,0.1864317118714598,0.10695728866398688,0.19017474495889297,0.09773713796149813,0.17481879680110432,0.09173656470525815,0.11993137858698057,0.048348797264659155,0.13033609362046608,0.05801591241953044,0.03251560738310142,0.017862434821007495,0.04508572733211505,0.023579461527105744,0.047733041126165845,0.023311084519763492,0.012889442658359994,0.004774737949648805,0.006593335331830596,-0.001154955815852704,0.10191738235867681,0.05102102105400405,0.05752173460253915,0.01174090672179215,0.05678861787252565,0.01988549833058148,0.09174938062420038,0.05183666632656672,0.1466165982279165,0.08628459338651753,0.05665340626865323,0.0024842736341085248,0.07443225173086204,0.035348423643639215,0.1122467067827348,0.07476639819069616,0.08764034344133925,0.03601347540760397,0.053509944375351004,0.008731012689711992,0.025548219477123824,-0.005304455556459947,0.07947111675275104,0.048564560508239124,0.008677536660318078,0.008913741393111019,0.0012492900401317036,0.0011875117014838454,0.004391858945849592,0.004310366832358581,0.008021122743013226,0.008451481587283954,-0.025697045271350062,-0.020015464334147914,-0.03378293892118617,-0.02718701581700808,-0.012475048375225561,-0.006291113580861429,-0.004857413061354718,0.0024415096779113465,0.01694067787278461,0.013325025398793766,-5.872589876551593e-05,-0.00012592389169635565,0.015486158022917557,0.013401144742666377,0.0025445794171586877,0.0008204976178449175,0.09850905742103672,0.05819210689889015,0.06123726819422338,0.033808595105204564,0.10002007436834827,0.057925734529468725,0.17376991237497116,0.09494690242313336,0.1171460912397864,0.036518014336873766,0.18322003271784673,0.09577358031514,0.1451513879597086,0.06740329179901222,0.17700827550576578,0.0925806127091352,0.14703084381565418,0.0827296455578051,0.10453239450244868,0.04236257689905007,0.10580487203032864,0.05050256355625307
3,holocron.20260520T135822.3,1683974,0.23344998335879077,0.14492642878702694,0.2239743672681685,0.13534323185563396,0.18236033246547773,0.10926353079578276,0.19637854019392367,0.12041760623630897,0.05323222854873916,0.028589521509385832,0.035202354463750855,0.01644336861237039,0.26289740973743614,0.17585401908275172,0.20073202073688817,0.1115925443249237,0.21317020211487497,0.13227377590578565,0.23001837454654503,0.1547962670541001,0.25431738204448157,0.16735077416681482,0.19190051698475705,0.10324065766490918,0.21338995714446152,0.14110730977237373,0.20206512299253118,0.12258881405984608,0.18301307120041488,0.10919061807699086,0.11522475088383033,0.026652063644841822,0.1285776638338357,0.06498195425920396,0.16866303243775457,0.10243214833913665,0.16957184077741497,0.09116704258324863,0.1574289178748858,0.08559675248397773,0.11014756985278103,0.04893568195199345,0.11631630829695153,0.05406328541403736,0.035009366283368336,0.019508716430409495,0.049722987296737624,0.028968388201429288,0.05323222854873916,0.028589521509385832,0.01796263532747455,0.009498008376988734,0.035202354463750855,0.01644336861237039,0.08755472659044074,0.04315693476570712,0.049089499844776105,0.009733457189131656,0.051337479178934095,0.017951411013030327,0.08232989427521127,0.04436182071095579,0.1288605246909597,0.07570967612777363,0.05184279287470604,0.00277679862842517,0.0656779108959689,0.030946039786471813,0.09932260360354227,0.06567982232993588,0.08939045000092803,0.04496693097637122,0.04375640040223519,0.007039363985117786,0.037688078156001115,0.008709451909498345,0.07780329014860447,0.04777413668294303,0.0048104422730245455,0.004030012954120504,0.0013006057581579772,0.0006654224739326142,0.0022999548598733183,0.0022172024302621884,0.0040035738703984025,0.0035903225731095945,-0.027230449841905494,-0.02141744072734192,-0.0309415999863941,-0.025154821968841223,-0.01036565897032081,-0.0063278179422470715,-0.003231589934870785,0.002581597352192516,0.013149733992049994,0.009065309367407182,-0.0010086206682326515,-0.0017572334789595079,0.01557858783038231,0.012949251809319245,-0.0005398643350044974,-0.0021277403517601934,0.08313933708758295,0.04861063486821489,0.0489163074720383,0.027245076634079393,0.08290780369756792,0.04812020013598013,0.15544818815233538,0.08502614514796362,0.10591322285078758,0.0385727412053921,0.16125574887839048,0.08676166071676357,0.12562618709562062,0.05991287847365949,0.16384073497907112,0.08989198165629896,0.14153501353356016,0.08187944211456975,0.09888014226244014,0.044151975287457526,0.09994689200142765,0.04877719910082624
4,holocron.20260520T135822.4,1709596,0.2592462535209056,0.15522957864476833,0.2487405302142979,0.14506296311145622,0.2024519198803653,0.11486185339556536,0.22375082461609008,0.13257363001656058,0.07201135375439732,0.03946346171886529,0.043940882841149,0.02002167042690252,0.27901415214245495,0.17261062575275993,0.21986877653682294,0.11419223264235907,0.2345606035113669,0.13627881692074317,0.25579138728567713,0.16268685995005294,0.2706894819023579,0.16431653016182746,0.2117791902497614,0.10658516048267123,0.23803448862285193,0.14887193627229883,0.2225731149185838,0.12584448696678407,0.18792182596472817,0.10633306659338658,0.12411991839126718,-0.013005818278441175,0.13993015375007647,0.06434673205734008,0.1819302456633703,0.10117997185409501,0.17858723582308805,0.08849391270961328,0.16742697131190262,0.08510140778248303,0.12426551947279904,0.05012994912998704,0.13071889831999947,0.056871792406398794,0.058822245998734826,0.03290559049620141,0.06893325618376504,0.039986234217703046,0.07201135375439732,0.03946346171886529,0.03289563122220805,0.01769445947256683,0.043940882841149,0.02002167042690252,0.09870074379310187,0.04795852603544776,0.05416909308018114,0.008752922115794703,0.06031700151136199,0.019261394111545538,0.095095463100068,0.04912670564625704,0.14113396545088355,0.0780262629429665,0.061008707015407504,0.002513037135318169,0.07827114852647224,0.03272720192295461,0.1127684657055063,0.06973105213261574,0.10967069105590507,0.056390470653615854,0.047698245202014294,0.005324277221780055,0.05073305401003421,0.013442407909454251,0.0968970444061453,0.05723026766893585,0.0004168411502648156,0.0006188910923830837,-0.0009669664039985149,-0.0007923110129129107,-0.0008163384238480675,-0.0007370238571636212,0.0033073613261987433,0.002668783110773343,-0.014618167664868668,-0.010288437044300963,-0.017556235832367748,-0.013261029863944396,-0.009771392986135927,-0.005285853527355111,-0.0030211527845270814,0.0016601968853190707,0.013572720402224181,0.011372763670938257,0.00017006381417770944,4.92923665836309e-05,0.012080495700467458,0.011310269527977646,0.002291957294078037,0.0008034116361383403,0.08243478832383185,0.05146143501234658,0.05496991927648892,0.031747481590071416,0.08045528191385966,0.05025400080882801,0.15998031677505226,0.08789330681204467,0.11701736169199044,0.03853752197703887,0.1729720918310989,0.0892717974122897,0.13748038379888014,0.06224406102314829,0.171353376918872,0.08665788492197031,0.14717761795434117,0.08005251192608236,0.10801934884728363,0.04328051551824415,0.10925472697148747,0.05040991300253743
5,holocron.20260520T135822.5,1222987,0.2592751589098868,0.1573837549290068,0.2478366127856753,0.1467875662166716,0.20379783115910274,0.11662326122185938,0.22253694493335707,0.13326010121173593,0.06711190683251016,0.03990954375581736,0.038802843111087885,0.019075385441784554,0.2819518101704226,0.1768711582146788,0.22489452398212822,0.12034000414521072,0.2332840642802107,0.1367533611605476,0.25399484616767626,0.16275330377372554,0.27178858283877466,0.16674570232109037,0.21651402715857077,0.11213345457046515,0.23554527758685925,0.14786140946607612,0.2225824635442333,0.12759716194839993,0.18758084132694133,0.1041363964777658,0.1291787652989855,-0.013339989166765875,0.13907176933870413,0.06497021439071783,0.1776644496049871,0.09857878637095387,0.17492203103397733,0.08739074847387422,0.1596121949957738,0.08180748244908935,0.1291052230878534,0.05400623056510882,0.13103332193801653,0.058429887514899345,0.05618199638017112,0.03568938284368066,0.06308309975659772,0.04032187417283313,0.06711190683251016,0.03990954375581736,0.03542568455146636,0.020091233199377487,0.038802843111087885,0.019075385441784554,0.09648951656913882,0.04930030278811151,0.05591696803553811,0.011894173272485958,0.06219546413843563,0.023704355793001397,0.09015373713403493,0.048375694767446104,0.13174219604157922,0.07349247863915997,0.06062991805720305,0.0039577890576764085,0.07291217766815158,0.031196681059294462,0.10637980655174628,0.06552126112197873,0.11627253341337007,0.06180666165953341,0.061352004218268974,0.010905484349704647,0.05819117645878988,0.021677122138322652,0.09404601682173294,0.05740357266272875,0.002307297612512582,0.00222694466843254,-0.0007978492793230679,-0.0005979955441291762,1.6201843009988615e-06,7.013699277724772e-05,0.004179658467390712,0.0035195948305785374,-0.010173470722296435,-0.008139915181401197,-0.011001540071176555,-0.008421268504940432,-0.006896578894048863,-0.004209206870824794,-0.004069649824220312,-0.0012154643681712152,0.009137667421024245,0.008743451909164673,4.604987758352608e-05,-0.0001612171272697971,0.009935079789867629,0.009558315781872107,-0.0001982103433239013,-0.00022655780017649674,0.07396797943977002,0.05424160599237558,0.04002370064562116,0.030824617041375305,0.07556680767459849,0.05501102139608276,0.15520517146484536,0.08400641565018861,0.11962019044334307,0.03957969493513215,0.1667841843707549,0.08539020573417387,0.13577116155422905,0.062335150308241286,0.1695441959200779,0.08660957831773879,0.1377948330811524,0.07587268981617014,0.11316570804476549,0.046743178639574404,0.1114651822104831,0.051368625558458295
6,holocron.20260526T073127.0,33602,0.23447983739752082,0.15375277928125125,0.229431218393173,0.149047703209231,0.18208161473763462,0.11260865938371312,0.20392928794435516,0.13386059666361722,0.039111154206140725,0.022678223373230555,0.025255285305752197,0.012574995572541978,0.2511886522764869,0.1593426803818369,0.20148219503710407,0.10914395596532181,0.22378889713812472,0.13845195116611914,0.23886364519692138,0.1589351970040498,0.24766154854944233,0.15573352678743757,0.19947081480357248,0.10793687603976265,0.23357207957538084,0.15458031964644742,0.2210360838282452,0.13641920366463628,0.1688677199499654,0.10492548236185567,0.11002330003246624,0.01233702267987831,0.12033976195212388,0.06379036887579315,0.1639798868114774,0.1072737544161946,0.17219448972145723,0.10140918537760044,0.16205306301179295,0.09883238294324939,0.12604031371352886,0.060991226446452995,0.10659676168968259,0.04852401380718724,0.03141746569654933,0.012068829340674436,0.03776011356310145,0.02525547997274874,0.039111154206140725,0.022678223373230555,0.02099450392587253,0.012523094967967136,0.025255285305752197,0.012574995572541978,0.1274284161801083,0.07597010529615937,0.10467693583547061,0.03215557004055365,0.10842658359437601,0.054822399766455907,0.1526575359794905,0.1012613910635164,0.16104493589831648,0.10014337612612582,0.10134273289084941,0.027244841790467877,0.11109721045655538,0.05383956745319855,0.16477874216839258,0.1104625183736866,0.17292722910465183,0.10023688420052303,0.11086599919376441,0.04110997436844878,0.1082990402875024,0.054983090726328385,0.15180317761814152,0.10685733253716533,-0.006694438963207007,0.00428581280712495,-0.0015870295303689486,0.005330635725403279,-0.004581315421222042,0.0004162633224389506,-0.005391171124015509,0.001396615561717468,0.032303366652472534,0.03438214303966593,0.0029668218042450713,-0.00143766372968053,0.0019787007385496796,0.0018115015315756516,0.007963286533306132,0.019049141305928968,-0.002673943337028111,0.004063962904040042,-0.00673306898070786,-0.0019866391245789983,0.02118097511812676,0.01776403730555301,-0.012227059037389472,-0.0034500830420641088,0.046822977089166995,0.03726401442130797,0.004239314163261121,0.004381105759113352,0.045698812456859444,0.036889725790168304,0.14255189158203257,0.08934064102830469,0.11139104320217079,0.044432260679358765,0.15719332628831273,0.0966710534787121,0.11852196313189835,0.061709134727658765,0.17574353461680264,0.10266742542081159,0.14240763137982287,0.08890259826589758,0.10827780631489235,0.05409686511826911,0.08594126337365332,0.03961700218415415
10,holocron.20260526T092411.0,394501,0.3764373942251527,0.1999828394001433,0.36182913484810986,0.17767618204104793,0.2991118013092314,0.1434565801349418,0.33698910009160704,0.1745030124566689,0.0734122831515057,0.024281851954584877,-0.007890170432463088,-0.008745025803030687,0.42901704890394216,0.25297198174132896,0.3213716534719668,0.1453087538309368,0.34014636326098874,0.1805514072396555,0.36216959392136955,0.21433367962693498,0.41770765761193884,0.24175406342073844,0.3122427481260316,0.1370556139101323,0.3393723583828869,0.19792154627811828,0.3200332409040268,0.16540985194389554,0.32043318564700923,0.16234444661479144,0.17970412696780438,-0.0061317215177128515,0.2314741897164484,0.09210227897694709,0.2864183700855626,0.14432587052714593,0.27728703899964313,0.11611848472004668,0.24956659622980754,0.10458249447622173,0.19028020768449483,0.056488406156248755,0.19148362171194183,0.06430994748849733,0.04052396938856309,0.014491995465870045,0.07072188311297783,0.026324306674758435,0.0734122831515057,0.024281851954584877,0.046152572382713794,0.006230516846785689,-0.007890170432463088,-0.008745025803030687,0.15249328501320827,0.07655510366675905,0.0735774853790454,0.011753960136296204,0.08677741923694199,0.030040470706364814,0.14080548682631214,0.0768305790112151,0.21366689265458014,0.1276750921570708,0.07249587971712837,0.0005268863671364921,0.11389751075202845,0.05487809323555942,0.15472761109830294,0.10411697007861898,0.17171170781323022,0.09061163241567088,0.07720320013592838,0.014697168675021882,0.07772833931639841,0.025083757454043953,0.12906317778848764,0.08412529249828404,0.006323060776968592,0.005027288144934888,0.0013012542221176732,0.0011606451919755068,0.00293221031558466,0.002205547478630998,0.004679823177119458,0.004154197841549495,-0.00416474077771567,-0.002299512176418078,-0.013246645314267835,-0.010570260668962772,-0.0008648307670103272,0.0010654152627025404,0.0072669690456256125,0.008762210785248747,0.008345515270019727,0.004884199551387275,-0.00044339233482094953,-0.0003528031096545481,0.0160368242563238,0.012626187833245539,-0.00695149031973008,-0.007535642500038159,0.18827163488798251,0.09598512612177187,0.12783543230212235,0.053043034214943746,0.18253686801223193,0.09102883124572272,0.2785609385677285,0.13371175778749397,0.16174517501665164,0.028300035859119388,0.27669754326632034,0.11844856799234924,0.22404143942211302,0.07781525343946008,0.2498127216212696,0.10419193900852111,0.191409787643408,0.08366884405403405,0.16779097083180272,0.05188924265718606,0.1482210537031396,0.05331452511834692
11,holocron.20260526T155045.0,108038,0.3576515274013337,0.19349663549738216,0.3398734467017373,0.17365032914795436,0.3010420265021752,0.1504436277026398,0.3174058694332679,0.16745538865533238,0.08128498417516519,0.03443263582829151,0.050163867620526915,0.012966242972734104,0.38087706506315305,0.22042245229796908,0.2752412745873036,0.09497470336958092,0.3123762255876789,0.16608030205978336,0.3300017000368394,0.193632587206442,0.36314375205836147,0.20456595786277337,0.26774117283557236,0.08840679128664769,0.30124609629300697,0.1725486462210563,0.2941691483519832,0.15204139071665335,0.29975445191675687,0.14568221959364497,0.17692545682864638,-0.022419343977442052,0.2120537047229361,0.08014713551718217,0.2667827078837569,0.1374247855483443,0.27504370703081765,0.11846776761214256,0.24798238425905564,0.10614775061272674,0.19263620868964385,0.0669429206922838,0.1933853066146077,0.06274973070107764,0.05049042680831042,0.02039996255496837,0.07633048936395959,0.034089663675920534,0.08128498417516519,0.03443263582829151,0.016349516635732093,0.0006356305098570436,0.050163867620526915,0.012966242972734104,0.1662973039043325,0.07635543433044473,0.08880103132501992,0.017290017684993997,0.09882935702369904,0.02666215108834505,0.16458419417583997,0.08805014313850723,0.21922941784152644,0.1205846627409467,0.08700045746674297,0.0005099887025166172,0.11819490594482902,0.04990794942766036,0.16439312398355171,0.10564224862046284,0.19193639337926222,0.0985085456961915,0.08719831245005473,0.017352397894212446,0.09668335653837969,0.025997283814419653,0.15574078025601718,0.09960441509471296,-0.008520258646636802,-0.007932208500391169,-0.007258668682102648,-0.0073608004633741175,-0.0010470833767529247,-0.00013381132023887465,-0.00020268996979701248,-0.00029349613052415124,-0.019697154991804855,-0.01915100047431126,-0.02369374723871319,-0.021844376409530075,-0.002952790607037889,-0.0005787739183803209,0.00443852444370961,0.007758905037117986,0.017172194664188692,0.013897943825283532,-0.00042553788802664194,-0.000294979876757695,0.01532225691584399,0.014316236810145544,0.003718893371345608,0.001682536233985038,0.1740389752903071,0.09168810537688471,0.12062815941900681,0.05258486697145115,0.16846385127638439,0.08663423421268457,0.2680181710586598,0.13025653300435058,0.16636876108815862,0.0343373510090042,0.27215494257981293,0.12244347069816908,0.21758106333851415,0.07791942918385325,0.2466612196784936,0.1039049362989008,0.18528792244684622,0.07796249414441053,0.1722040556581038,0.059506614582963024,0.15540260566151384,0.05110702556020705
12,holocron.20260526T173015.0,1311542,0.2613361917153828,0.16308833951252957,0.25409852776240394,0.15499519429038036,0.2075191900790813,0.12370978499048119,0.22953488653022427,0.14275027258757703,0.07852171306562818,0.04560955030743688,0.04837237251739461,0.02057197868771829,0.28151087063609337,0.17739376064902043,0.2227986022983608,0.12056222137870104,0.23767258229324864,0.14222061815015788,0.2545890920176036,0.1622438000596603,0.2728925046472275,0.16879747784304075,0.2129462906025484,0.11109563991408217,0.23946763929219897,0.14940583175781233,0.22736359047506624,0.13290066200114736,0.1880040336165784,0.10816475232462419,0.14302687075433018,-0.030190863835941967,0.1493473437784419,0.07576272049740024,0.1859350954841667,0.10797334375997264,0.1835054304134636,0.09641673757918967,0.16947959446303565,0.09054549226162967,0.13394726624809508,0.060431704864944674,0.12645353453220506,0.05969650461885842,0.0607068336270495,0.037597781016060816,0.07524105762699193,0.04617554097075646,0.07852171306562818,0.04560955030743688,0.0369583219613815,0.016200601209451562,0.04837237251739461,0.02057197868771829,0.10274396891625219,0.05399929408414825,0.06617417110362862,0.016371367714444474,0.05925935947895851,0.02382931740904254,0.10099910699929145,0.05644224128738115,0.14312120732326455,0.08027937003101862,0.06834776138137473,0.006583224278823935,0.07928235117274231,0.03770569996937803,0.123898357925552,0.07735742003115706,0.12302340433466426,0.06753469018434069,0.07258254035974397,0.017054681468812727,0.055685807582883676,0.021340579726158077,0.10678268932481168,0.06406862877321218,6.538801473536526e-05,6.0649279513325105e-05,0.0005672690172917327,0.0004213626060916298,-0.00046866695460735797,-0.00041276900252038007,0.00035749777125435034,0.0004690954566869132,-0.005811684999542113,-0.004780298776285885,-0.011197395883834414,-0.009156291776864944,-0.005002831998844506,-0.0019440832720947487,0.00216797494264169,0.005199525000134486,0.009914246360636134,0.009484209865581822,-0.00012203330347580754,-4.57824981604793e-05,0.010104435262288339,0.010647841070331815,0.001386978559019647,0.00040749626392488913,0.08928191066809377,0.05710131408375854,0.05479387890611112,0.03536546097016777,0.08918974244142566,0.056556387403737945,0.16428007016509993,0.09116413251511246,0.12894890567626507,0.04991631465304919,0.18062498343156624,0.09865732431617885,0.144901861147869,0.07232817084623872,0.17313070878063955,0.09106632770755643,0.13970109609380232,0.07738758430340167,0.118285043243988,0.053822364417094065,0.11075348653025263,0.05311805632548089
14,holocron.20260527T123606.0,339545,0.3923636164990598,0.22133884678522475,0.37685638784664954,0.20333451344135567,0.3183489490665306,0.16184901332412793,0.34567827095637615,0.18719592605868113,0.10109941290915524,0.04187391043275829,0.06698413115037315,0.018437723721242666,0.42898226388837074,0.2551725592695842,0.3230663644159425,0.1504925523672222,0.3627410653443075,0.19911513564251343,0.3859198441952643,0.2267920861373201,0.41936561101685627,0.2456513612738478,0.3133490840540693,0.1410929027684425,0.36885757111814244,0.21289581868196672,0.34968512556443637,0.18826932198191726,0.29829662643020616,0.14265557624809105,0.17992303250116867,-0.032382688282729666,0.21235781593283218,0.08249799993493229,0.2845330675696366,0.14172131902308605,0.27017096372276894,0.10881727135995262,0.2546899801514031,0.10286984664449378,0.18646426498059937,0.056483658358139066,0.17470715672389117,0.04651899161754447,0.08405294715012451,0.03249370721358574,0.09586494314318415,0.040134898775712524,0.10109941290915524,0.04187391043275829,0.06470805197306087,0.020035686097926275,0.06698413115037315,0.018437723721242666,0.14107501158263958,0.06853249455533833,0.07247602160170154,0.011724586803254777,0.07063689793281237,0.02313021995527037,0.1391308096761235,0.07243073273983786,0.19218795700199964,0.1072340510749476,0.07640801485761393,0.0008856724886763812,0.10192325041785617,0.04443462564691736,0.1469038565720815,0.09203363382169838,0.17655441563056667,0.09505169455387408,0.0779570758126026,0.013337186569781001,0.0700776038878504,0.023618301941548236,0.15289674805305437,0.09313947085985563,0.00203396169912122,0.0019098428499025322,0.00010202213633084267,-4.720745784839164e-05,0.0017091916452074002,0.001647159619536348,0.0008967514438090324,0.0010280758664469314,-0.008420312532823937,-0.009308300184710988,-0.007266417237239503,-0.005430188736643776,-0.004028419366649119,-0.0018465111278671842,-0.0008516431035395788,0.0009181779486274189,0.004699486867572197,0.0037595611237991045,0.00019093063331188098,-9.007581494907546e-05,0.003694140106757421,0.004065926664055669,0.0011010308505022132,5.886178075231729e-06,0.15657972701730608,0.05836362144034188,0.07252870915800701,0.013899087571227015,0.15668300259526835,0.057748265003295746,0.25380459952472983,0.11381502395914672,0.15616065621656036,0.03385761015974764,0.2638684115606403,0.10816039650223053,0.19762032126603313,0.06197958495225822,0.251413083211974,0.10074279160348781,0.20258105535845078,0.08219380418388128,0.1704302376411251,0.05420435296713888,0.14188932221397152,0.040833720821311814
15,holocron.20260527T175622.0,649181,0.3498207299569426,0.18931013121815066,0.325242250688458,0.1674085621215327,0.2720880580766213,0.13612894398972458,0.3084623500261018,0.16763629101470323,0.08282924606317253,0.04009522085758743,0.03806714570345389,0.010953741847017695,0.37904861791065186,0.22129876916805408,0.28557982816440947,0.12812016739906434,0.3097123496285211,0.1635062419509799,0.3461385578405173,0.20404229668175122,0.3687870887076136,0.2112948614979952,0.2788556705532128,0.12225823691891524,0.32988214804520516,0.191404446259055,0.2964653327667371,0.15317535991409453,0.2689080156385821,0.13823947951814713,0.1589715241934846,-0.0009708236306718021,0.1837457918867016,0.06864260869497982,0.2538041468801339,0.12580987658451154,0.2384843620421785,0.10150303383441944,0.22538642339053164,0.09807950167021107,0.15485957273226714,0.045638107905126124,0.15765991233380117,0.053323297165364686,0.06040040294481148,0.033546599922164855,0.08190075596530393,0.04129266898665329,0.08282924606317253,0.04009522085758743,0.039743649776541844,0.013107613532385015,0.03806714570345389,0.010953741847017695,0.13772979394538445,0.06105981129338389,0.07441925949925596,0.009896805231276895,0.07492666704719864,0.02016102297670777,0.13560314086198863,0.0625148329512411,0.19752583665595816,0.1061202168348917,0.08275822667236765,0.0014935072887803935,0.10391222465355937,0.03893256345930521,0.16108645109206046,0.09482509570571074,0.16102526881044335,0.07861429887806032,0.06064748722041299,0.005130682030308559,0.07387318859944178,0.01893115981791821,0.1424621833937034,0.07790877880425034,-0.00048714778311897966,-8.403838785453477e-05,0.00023206825857721713,0.00038086393654621076,-3.3056443619422504e-05,-0.00020792012639173074,-0.0003770631646842909,2.7083636541691547e-05,-0.025335098239858925,-0.017811848283902476,-0.03246629972673047,-0.02424119040069106,-0.01883268695287492,-0.010381468844930075,-0.005112872626559184,0.00401209748663936,0.009602916102831663,0.008649921123402515,-0.00032946350761368925,-0.00026467091638426865,0.011204630940677751,0.010825292651726659,-0.0006587118841231837,-0.0013267775339382282,0.15031645702005283,0.08406976162388005,0.08213602627188508,0.04371654560410709,0.1526583743420109,0.08429003815878314,0.22360479568186994,0.11096704636424948,0.13806437857719245,0.02717869145067789,0.23373677349809155,0.1003584886779128,0.1723513455331127,0.05885091554101371,0.22862969359790086,0.10008287477965572,0.18908706110365947,0.0889204462792616,0.1360015517943668,0.041536347210421654,0.1270750986933344,0.046964701653862406
19,holocron.20260528T031907.0,45482,0.4772602812100853,0.27838418435811046,0.45015544066143887,0.2248172382139212,0.3745083106222041,0.18142568400577103,0.432818786446571,0.2395646047297219,0.11988118267696317,0.03391427144405004,-0.026526380624636088,-0.015682523116956365,0.5350567175561978,0.3379182048578268,0.3852628648111867,0.18450496067720373,0.426889911273921,0.23637566393016507,0.4604493496070238,0.27831553373889634,0.5237568969498877,0.3266451532058339,0.379268385096564,0.17869404504316683,0.4364380153125946,0.2590115549067807,0.41445851369699355,0.22694508460116303,0.4146577920468117,0.22304198713815404,0.19511995699590853,0.005824706658175638,0.2663555827186446,0.10114279269773135,0.3842653963427137,0.2064435488362069,0.3489930830063111,0.15384928509928575,0.3248153027891383,0.1394169813415697,0.21137315632639667,0.044117960798168265,0.2158204161440975,0.04412155341646534,0.08997408367753842,0.01622938516161554,0.11205442659298835,0.031951102837081136,0.11988118267696317,0.03391427144405004,0.07266921839465552,0.010894395624726327,-0.026526380624636088,-0.015682523116956365,0.21184943894114133,0.10608276426604202,0.09577328799057028,0.011040184967725686,0.11063952551523329,0.028354989304200884,0.20643187405107455,0.11165379553072924,0.2758383439810478,0.16498496006352903,0.09322770026912669,0.000785673098688322,0.1371098779927522,0.06311659608634318,0.2103820632686753,0.1376134787099519,0.23501417730314916,0.12365862210640877,0.09794768822801997,0.015778798236526004,0.10266585519377969,0.022214388046071176,0.19403683425767226,0.1235706714082796,-0.003922684716901659,-0.005150255769123646,-0.00011649586783224475,0.0002732075276679624,0.0004168179590949006,-0.001790204738694845,0.0013235024867060408,0.0034132511869262583,-0.009132325985188733,-0.01554025952459076,-0.0231522974107317,-0.016157366420358088,-0.00808465846598802,0.00019896866572632899,0.003239401414388665,0.009549161139772,0.0063270786887276165,0.0016609935806999876,0.00017825767305307272,-0.000216148692055107,0.009765393251982252,0.006737810249089815,-0.00036902872137262177,-0.0031437868997540863,0.3002101741544274,0.1505401775136943,0.17263433107480403,0.042034012938837795,0.29736263558652337,0.14690363789273858,0.3628976758981716,0.18471596080549657,0.15961040826911252,0.00808021993144395,0.35622992775383094,0.16317873164888225,0.24799638894358983,0.06530759245952134,0.3041467929631011,0.11814153655442283,0.24460979581735098,0.0898714838109555,0.19233647365515655,0.044513175404895466,0.16833189185576908,0.03521683233525588
20,holocron.20260528T040255.0,159659,0.27574612862218867,0.17041920323939813,0.271333981962937,0.1645976602595739,0.21255586969298204,0.11824612376551426,0.2515790014426797,0.1548598670765538,0.07821517573545969,0.04366928787752018,0.05591730712212425,0.02252928964019972,0.29181028689315125,0.18272186355999237,0.22208812482936913,0.11356776946010629,0.23590589008167742,0.13473554002841237,0.2566893537671249,0.15753000318137805,0.28596046817522347,0.17686290171919594,0.21604852826884732,0.10766046675389639,0.2474754825265288,0.14975059832494086,0.228683736117248,0.12844770159114283,0.22084619645450873,0.1200330249757298,0.12727000963389193,-0.002741027670414578,0.14343214610757896,0.06913141711056815,0.21109522440030057,0.12161453694323122,0.20780319515636092,0.10401233103981115,0.1945735296605184,0.09654889305990229,0.12332522125469826,0.04341571188063796,0.13919510393478135,0.05780277458319506,0.06514398147067534,0.03550111090151943,0.07792500118442784,0.044120071779150685,0.07821517573545969,0.04366928787752018,0.045610280114441834,0.01985988838651269,0.05591730712212425,0.02252928964019972,0.13616040927543877,0.07448779909749567,0.0767693558586956,0.019095467594186177,0.07314469721460237,0.02856319227910295,0.13955005765874953,0.08199859479578495,0.1803306571537373,0.10531770441209379,0.08418221630481834,0.011460098462370644,0.0855563749055405,0.04262870589385076,0.1550649647783396,0.09821884908084136,0.15540556841158937,0.0865662585710962,0.07740249050890641,0.012915252156145085,0.06839142682432076,0.025057145113512508,0.13805629177670822,0.08695048874071973,-0.0019768112192328213,-0.002939274785062229,-0.0005779832817079944,-0.0006066242592980275,0.0009549797797530762,0.0008705010679014025,-0.001678925577933768,-0.001564301923654865,-0.011007101467177295,-0.010947814383232946,-0.012562407357818828,-0.011491115839454197,-0.0023791131731090848,-0.0004443613204962171,0.0023794182563442456,0.0051114097667785685,0.007859998679613497,0.009761273534619641,-3.6406257581417245e-05,-0.0001983938925936013,0.010345120323901974,0.01255084366669415,-0.0014097784591831919,-0.0011936184472552958,0.17454716022275824,0.10272096224638329,0.10740032358804051,0.059080915778381635,0.17333789305228453,0.10088531371186639,0.19503570916903656,0.10339978342267285,0.12023698867715647,0.03320279089741855,0.20963392080294369,0.1097628641951721,0.15448048195102926,0.06941887213963642,0.18079273904622575,0.08729641738434361,0.15116915737092376,0.07532233168560949,0.10445314659356218,0.03667707520546805,0.10110451971418388,0.03899165674155415
21,holocron.20260528T062557.0,1692763,0.3126516980108255,0.18421759010716,0.3007841161047133,0.16954106379046913,0.23961215197077523,0.12907003914647952,0.27663953132566177,0.16144955496945634,0.09626323933471832,0.04838355972016993,0.07536501950310055,0.02881648437363106,0.3384556732955824,0.21073458805795198,0.2655168922080291,0.13688274711892162,0.28200748440535645,0.1614746641279558,0.3020281284913735,0.18624400284465265,0.32932915964595255,0.201664968066948,0.2558502843124277,0.12768089741085353,0.2852052041711062,0.1723880938682124,0.27156579487275784,0.15282331499096846,0.2491345742766057,0.1357637927737259,0.15001962811601016,0.01917283600895782,0.16277789304862722,0.07272581803526519,0.23952051162921387,0.13154686472786015,0.21910531982581047,0.10470332685059879,0.21037822748161353,0.10202235404157554,0.14124148888158328,0.0513324584760073,0.13482532272696587,0.05328715849288378,0.09127069008938994,0.04542261943205973,0.09089979396726595,0.04864056381682881,0.09626323933471832,0.04838355972016993,0.07162774019625588,0.02931742705024247,0.07536501950310055,0.02881648437363106,0.11921893591464021,0.05635192694320748,0.06782933265627382,0.011555018417740287,0.0560777541403608,0.012873600212591874,0.12117226072188884,0.0636351105377134,0.17842961666286894,0.10093338539540167,0.07782543335992222,0.005161453715256309,0.08356903484130034,0.036331294483089444,0.14912402082947712,0.09217409340689706,0.12701214531795396,0.0640517925184669,0.053573631229461946,0.0066247943123045605,0.03694203731280628,0.002312466149837017,0.12175603012179013,0.07070258317303643,0.0057136918885472565,0.005656436273416471,0.0011021545734525573,0.000873484923368778,0.0016497413741542455,0.0022592049230950872,0.006250916117100921,0.005765911971246512,-0.006719887038477215,-0.003623098442913697,-0.0364902578612482,-0.029708282413385995,-0.012796703190148764,-0.002165372745193933,0.018610898784294075,0.018386005349226825,0.006152526920364457,0.004259461356132477,-0.0012949526937981876,-0.0007859498945763377,0.007495657599310854,0.007196436113057564,0.00033787613449640097,-0.0017377606203336504,0.14979409913586036,0.08361555649590023,0.06926909725955167,0.03875922193749952,0.1502043497083421,0.0835879538337667,0.21614482899186105,0.11332501347962322,0.13192718857675187,0.03681537645747594,0.22445697690527136,0.10967487395767121,0.15649225742964126,0.0649993519295644,0.20336811756995155,0.09716941830727475,0.1811126107164686,0.09167003347860443,0.12649144628894055,0.04614708856571288,0.1139998678916231,0.04743965217371511
22,holocron.20260528T062557.1,1647285,0.29420348731107177,0.16734828552101128,0.28064901283575705,0.1527729403108402,0.22807584331185088,0.11979626788645463,0.2521187664997102,0.14254070228937982,0.0806829429475527,0.03718188990140968,0.05746251992419531,0.0175740916609234,0.32081237923099204,0.1983295055202589,0.24696510815201406,0.1229113572000378,0.2625309534660569,0.1485594189745455,0.28368592989589936,0.17490433631582025,0.3093158805081133,0.18692665810949233,0.2377065829028523,0.1141431360078312,0.26370762755751576,0.15841233398645604,0.2483360729575929,0.13682971985580483,0.22486368052294564,0.11951618184705491,0.13922372394420665,0.01637813534722489,0.14752595955274367,0.0629468554010114,0.2157744451483359,0.11575801220259722,0.20395109915128604,0.09467794808465473,0.1934576660921909,0.09132139007905878,0.13717447240392733,0.04936184771465975,0.12892828526145828,0.04981653814975344,0.06417150973395754,0.03050668945456962,0.07638175575178685,0.03776179908031656,0.0806829429475527,0.03718188990140968,0.048806686746652235,0.016540992891135378,0.05746251992419531,0.0175740916609234,0.1141389266942873,0.054403952804681216,0.06347215327629552,0.011441388022919968,0.05699552534154642,0.015783782294494675,0.11528967842702192,0.05984529561822835,0.16222546429306361,0.09161903431614271,0.06714633152797914,0.0037242673270456716,0.07780444068729891,0.03410439770974358,0.13042522590225056,0.08187516705826989,0.13285905316562144,0.07191996487786612,0.05495225753022054,0.007815786861810864,0.05665005015249311,0.01664798443871468,0.11688098170549216,0.07177204535830742,0.0024419068432479235,0.0016949153128953676,0.001873174083595261,0.0012436603544712932,0.0005427601790658765,0.00039143110751369004,0.002160408512474274,0.0018282867344324993,0.005851919051729451,0.006634220121436746,-0.01492735480082244,-0.012133387055148576,-0.006254135364593655,-0.002136130576227302,0.0005943433608557452,0.007833406759984174,0.011796443624214309,0.009579133348868674,-0.0011077245364189414,-0.0006951883133725911,0.011767336273408313,0.010618202090810047,0.0019601576653503205,0.00033162038640255354,0.12640804336328518,0.06544557647695952,0.05864854640887743,0.03133541734784369,0.1277578752276793,0.06589923069379171,0.1925975720473473,0.09789733822634776,0.12352192721959328,0.032887345084836136,0.20518216760525132,0.09798343080495693,0.14478364689393555,0.058498108980314725,0.19142389577279448,0.09028702354899444,0.1654057288389105,0.08286007533165969,0.12067632386271897,0.043058303480820584,0.1092361983302215,0.045925595464423694
23,holocron.20260528T062557.2,1611772,0.17687889903689485,0.11907562090258911,0.17221045083614148,0.11398294393022759,0.1386926706822842,0.08915319332253752,0.15251510971780205,0.10257380281990078,0.0426400710092498,0.02781062868333016,0.013602684285621329,0.007273839233835178,0.18308721501821795,0.12211244713579647,0.14925124734300962,0.08883453046579873,0.152688388055883,0.097996280639402,0.1667129676032566,0.11306565738927926,0.17479648674731363,0.1139693720559165,0.1414111667133971,0.08117978919035757,0.15391110691385806,0.10170044010247753,0.1422209487200382,0.08873521602655804,0.12023072315486269,0.07766069048759214,0.09030267880122708,0.024773720670676902,0.08655630858912997,0.05036287448004509,0.12470017732575456,0.07924629308088824,0.12519243134112282,0.07558473330125787,0.11392913777839622,0.06925150355626605,0.09270277425583219,0.04900066624866538,0.07343319806826056,0.03901484040401658,0.03143625696951849,0.022186948395011785,0.04145703729612267,0.028182934397431497,0.0426400710092498,0.02781062868333016,0.020529592637113927,0.010965692192579757,0.013602684285621329,0.007273839233835178,0.06404384555738402,0.03548190430015476,0.04143132999023892,0.014492571685430097,0.032443498234149465,0.01424567536754677,0.06101230234840506,0.03526220526366257,0.0947917714306542,0.0594367035462451,0.041536015585622046,0.005119645660221425,0.04569158140904367,0.02570969142399769,0.08089914229573794,0.05477785894976818,0.06759316799543558,0.03573737713542387,0.04342198727002715,0.01312631523225205,0.02302813745708336,0.005903138662815069,0.05739290115601196,0.034669852966406164,0.00756537263955076,0.00680452076864084,0.0005568951054778226,0.0003340737493858076,0.00027783837367677255,0.00048446060401528823,0.008371665029721698,0.007667890235469418,-0.02245962478246146,-0.017477503048762985,-0.01984955366603764,-0.015570622327935685,-0.009996886252959407,-0.006630519340576291,-0.0064876926397693865,-0.0022157384701613353,0.012359754380260657,0.009388772083312569,-0.0004837881201665284,-0.0007526052203345734,0.013822238077441165,0.011779486488740928,0.0006495808995878594,-0.0007953667420051713,0.05527112543194229,0.04076223739639598,0.022757170887956927,0.0176963702821773,0.05509955878931552,0.04058536259532526,0.11585397007134518,0.07473389186353283,0.08738839228736492,0.039625300862116464,0.12270891261745234,0.07659472279990684,0.0899997463636004,0.052645900550512575,0.11988492362595551,0.0718648507034364,0.1030053372520652,0.06436085794194135,0.08142357723759834,0.04279001358360973,0.06457998512127443,0.03487117566194875
24,holocron.20260528T062557.3,1608095,0.25857685869129143,0.16073135769776584,0.2525130576448509,0.15387327542017312,0.2069470544760077,0.12306635167866589,0.22613514147066102,0.14046395581520701,0.07332920370732644,0.043587032548380866,-0.02665821334260558,-0.011758855431661677,0.2771418318794238,0.17593742659894648,0.22783478922283154,0.12678924661517874,0.23023192856430152,0.13992108257943736,0.24795460244158077,0.15935184138625016,0.26528093233458866,0.16423464955304015,0.21868749237416626,0.11796731459574467,0.22832217473274552,0.1429032573743194,0.2150130610973633,0.12649027311041625,0.19958608515908344,0.12109280711291953,0.13055407108143252,-0.0034350739543362596,0.1483792263495969,0.08051368509954909,0.20040284561335325,0.12065120838891985,0.19402259911421785,0.10797968545557579,0.18164481642388464,0.10236072638644295,0.13636591215671073,0.0642407674901054,0.1289100769772665,0.06468308525406904,0.057736706952256,0.03779143447522279,0.0714832222333415,0.04400641142499448,0.07332920370732644,0.043587032548380866,0.033521347592005285,0.01697940367937796,-0.02665821334260558,-0.011758855431661677,0.10009774637420295,0.054347395607149795,0.05737049482665631,0.01672324983257728,0.05436529056508947,0.022656972856245683,0.09918224609722424,0.057496346446174795,0.1344459513821531,0.08093077653052708,0.0527276393686263,0.0034328455135885227,0.06796699410004046,0.03465904351261767,0.11069925428376869,0.07240903911045121,0.11172913310774378,0.06192839580689652,0.05663324904894233,0.012927336280796398,0.04681247096988746,0.017887139641103167,0.09846306577232565,0.06187171226154278,0.0036792266726698303,0.0033340197483101297,-0.0025859862000220946,-0.002388320765907781,0.0011905996475781028,0.0011828725218878677,0.006830724684486228,0.006174480980335378,-0.01794228845240549,-0.014758368872961974,-0.015983914858122533,-0.012632665739247595,-0.007191290353672025,-0.004960949752906257,-0.0067327008103127695,-0.0035222167727185227,0.009589291265174618,0.007498198984986437,-0.00029260509233410004,-0.0005171843739320559,0.009990084484049075,0.009398190192267647,0.0011855711600701757,-0.00037500581587912585,0.11431406720658432,0.07391379392446612,0.06957829040558103,0.045672919697642006,0.11324816229700699,0.07261903434202463,0.18978818896873437,0.11529125548573116,0.1291972426248683,0.05331930568705959,0.1967459535165621,0.11389702985530914,0.15350336211776328,0.08257176518844567,0.17987467374906452,0.09897950706549283,0.15633064082677645,0.09023772660308696,0.11485790154798754,0.052356797309522723,0.11226137617696189,0.05814327972491759
25,holocron.20260528T062557.4,74155,0.3274922273881222,0.201010021897738,0.3132507057080307,0.18899007833011924,0.257007259431304,0.14589434723001074,0.28975836547877154,0.17287815268928344,0.10515538010627587,0.06272077081506025,0.059993387060483516,0.031046066354628837,0.3347232841585947,0.20682684554004757,0.2736036266777862,0.14674921326751497,0.27968517255708636,0.16431372931600471,0.2971407058448514,0.18169027014187425,0.3230621431430308,0.1953705086291839,0.2649840167537099,0.138328244036835,0.27838627971208374,0.16585936781259356,0.26831914208743,0.15419432796095398,0.23420693923152297,0.12509755599798214,0.1392110721449309,-0.019727331084857802,0.16104136458348892,0.07576063896062446,0.22217727654983596,0.12255844067030919,0.2396504362198101,0.12370296805433847,0.22140043653759803,0.11572109237453782,0.16175587000072952,0.06682520449520546,0.17698353307496428,0.08258005931943321,0.09566001211316523,0.058676437527157815,0.10313550340094134,0.06340900233110947,0.10515538010627587,0.06272077081506025,0.056588756112685365,0.031432961320955355,0.059993387060483516,0.031046066354628837,0.13196401779736136,0.06805854708756223,0.08076793395771265,0.023316886294395434,0.07810267137166221,0.03343478235668387,0.1259360794865495,0.07006187420222054,0.17025207638973922,0.09509095336579082,0.07344144836836383,0.004230289261974052,0.0865762148020211,0.03768104707588643,0.14194202338508416,0.0890583801945869,0.15894881040585943,0.0899909772066213,0.07798758150069465,0.01873203852177513,0.07654835969101495,0.03245017280083337,0.13360074449578863,0.08306941151329411,-0.0008047678884540582,-0.0005123702540766606,-7.000015266749038e-05,5.4836818798420506e-05,-0.0013270476586454277,-0.0004060432744142639,0.0002629879317220529,4.194461468415289e-05,-0.009684625162501431,-0.012366412010616445,-0.0019592919923463736,-0.004816609108251019,-0.001604032318832077,-0.001306522623858053,0.0020879899376675393,0.003539602720839613,-0.005796745863891603,-0.0013886281763630104,0.0002174707364764883,-0.00038975377717251347,0.006117919838180483,0.009615760388871047,-0.013245912842465762,-0.010711400668912519,0.1408460331484252,0.08578481238067981,0.07103420728238004,0.04670942936513539,0.14090590643940304,0.08543205315299332,0.2106028064611878,0.11364033268534948,0.15398576911145687,0.04463990314688729,0.2300600311849948,0.12005319800575767,0.17394761587887658,0.08150717488346976,0.21674237437272406,0.11076726354498334,0.17778013479173624,0.09416664503707764,0.1351034633396956,0.05315223942155703,0.14222745183164615,0.06587689706347163
26,holocron.20260601T074800.0,406774,0.3465565238986603,0.20551496377063544,0.32523916725046476,0.18354546978680514,0.2704989988565542,0.1468182423052884,0.30278146426764035,0.17549460680082857,0.10469742649422681,0.049962679470253485,0.05641270167962747,0.017718413473702316,0.36730670050120046,0.23342943934236826,0.2822625644675058,0.14721711014464373,0.30559241947869203,0.17879829857513946,0.33289347837945893,0.20811633828780468,0.3578246959401526,0.22401346346819329,0.275836888234905,0.14122637269656363,0.3163930727950906,0.1942688347112707,0.29606164811341923,0.1704877577764548,0.24522023197071197,0.13810003684833833,0.14663175795232697,-0.01778332690129708,0.1728489895285479,0.07437813253081715,0.2427425598456967,0.13345973770637098,0.22695746299278768,0.1044642363443129,0.21446720171102274,0.10019633606609094,0.1541972217065199,0.05475751783576435,0.15216664026877774,0.05567784185213187,0.09570022053922284,0.04728456020087965,0.10153558612401131,0.05003123834338433,0.10469742649422681,0.049962679470253485,0.053387660898130275,0.01821244382986953,0.05641270167962747,0.017718413473702316,0.11064864953526829,0.05153377154658986,0.06430714938078272,0.013485557490899164,0.0655877347962133,0.020033556502200373,0.11230119715888795,0.06223016312190363,0.17354890076216375,0.10316234917122494,0.06268933899590856,0.0026282259571955846,0.08509694176563026,0.04013739698166116,0.14306475233262403,0.09271886037469942,0.11822228892037251,0.052904714798400976,0.06681468442297142,0.011911093247819665,0.04472437159247125,0.0031730891002187678,0.11195510170360617,0.06960784740095668,-0.0014445572306110016,-0.002605912984543435,0.001329566694940859,0.0010344475254296381,0.0004177758099433021,0.00015940724673088602,-0.00314002796875322,-0.0033530728500533735,-0.010448377611077336,-0.007295261758862359,-0.025025850215135592,-0.019326287879352977,-0.012661505238750453,-0.007083340736170535,-0.00441981346318937,0.0013774149557788107,0.009789029176582476,0.0059433064322083895,-0.0013201748618896364,-0.0007551623105529481,0.013898473969207917,0.010120984171679615,-0.0014242246732364128,-0.0028150104189093306,0.15101548385272556,0.08336386111142224,0.08571098859282347,0.044104367466365424,0.15105594407603146,0.08272727246126721,0.22254194423052004,0.12031554983935688,0.130077265942284,0.03520103724346457,0.2293302202454731,0.11075604054332441,0.16411348358077793,0.06570882867828817,0.21270124284697325,0.09721581032733784,0.18250590699341634,0.08687324178076267,0.1387160441399401,0.04824443318301597,0.13025420910116647,0.051216890029534806
29,holocron.20260601T135525.0,870433,0.316670278768128,0.18798559203524243,0.30666665567072865,0.1762193786587614,0.2559231112329424,0.1395957844123494,0.27483959842955286,0.15717065298409208,0.08069973070952229,0.039348664053751176,0.038379850577781045,0.01404907824145915,0.35186520907,0.2202249367154123,0.2685871730344684,0.13769698156284796,0.28994262929698056,0.1690737237354585,0.31667578505941907,0.19725463879867108,0.34135890954231074,0.20976560012202214,0.2600879502611597,0.12959925494286337,0.2978054781780871,0.18148062645374843,0.2766141552178856,0.15783145459094824,0.2288008782925885,0.12054926873943009,0.14083042523234662,-0.020077805179572986,0.1622190789119812,0.07318531451748081,0.22451865235686586,0.12323237373410081,0.2207523565004478,0.10017188885904582,0.20793605674946852,0.09476916915831343,0.15566650292588505,0.05919976538082233,0.14787705279049784,0.053337420258993656,0.06628593499784599,0.03225632279343735,0.07771405027831242,0.040044400362169746,0.08069973070952229,0.039348664053751176,0.04029697631197982,0.01687998104908378,0.038379850577781045,0.01404907824145915,0.1283909462539073,0.062550751587475,0.07782827076273363,0.017056721547911713,0.07867601978870581,0.02924433277409169,0.11950802243810918,0.06481012947595269,0.17317003477208626,0.09672460475447867,0.06969874295907355,0.0019547930470314445,0.08737421265644843,0.03881049922279953,0.13832387623617454,0.08640323306301348,0.15248922926280817,0.07958875811456631,0.07586462196572163,0.012985155595769599,0.07446266657275066,0.02672658042521492,0.12457430008776135,0.07651630726896588,0.0014583983307300957,0.00019977190422107438,0.002746727654780262,0.0019577689694154077,-0.0007239457223273127,-0.0009913093755349045,0.0026479990541690424,0.0018372639993714523,-0.025162973530502786,-0.01992437701578617,-0.01758681610455956,-0.01275802399369702,-0.005835192401843298,-0.0022382264998810353,0.000665094177972142,0.0035638942586580513,0.007853462503283268,0.0065186338280169565,-0.00034647333402135216,-0.0003924918805405797,0.007209435248899901,0.007303050430046781,0.0014707181292184096,-2.9572876296873885e-05,0.11467432000984597,0.05112441558544381,0.05540350317609873,0.02328493704255316,0.11522486983560433,0.05095650690116746,0.19938693546320563,0.09870539413784932,0.13321072980145784,0.039174194815425334,0.2146359517056994,0.1004769658967487,0.16275808345383444,0.06600238933413963,0.2080659449068535,0.09450400444998744,0.1736849479999356,0.08134837905807207,0.1354435078985789,0.05203696036956909,0.12144776937789174,0.04662459598958746
30,holocron.20260602T020541.0,327877,0.3068878392430634,0.188803939161902,0.2970161859039913,0.17979403914245065,0.25129143917688473,0.14393030016305733,0.26814175638705223,0.16045006806624976,0.07492156106811364,0.04077893013433387,0.0060256459798860166,-0.0052135290612578405,0.32414869323281426,0.20289139806619885,0.25049178866007044,0.13115259427999817,0.27508154320707723,0.16187499422478277,0.29523311194898405,0.18408337123761928,0.31170528942283005,0.19067034932697782,0.23785333235441689,0.11955086884536409,0.2753613363119962,0.16695519328305095,0.26160351806019305,0.1500539849957747,0.23626630531586845,0.13035278379354784,0.1423869550405636,-0.03193345541700994,0.1779957775176711,0.09167805525514361,0.2329017509155928,0.13703852026448718,0.23485838762370775,0.12261411213936013,0.2203422420832776,0.11557431653083311,0.1621378936145912,0.07165448541957664,0.15894257463601127,0.06899071958073796,0.054242315885362935,0.02655857333760861,0.07491003877837908,0.04093312043109745,0.07492156106811364,0.04077893013433387,0.023703625926027382,0.007786003785045875,0.0060256459798860166,-0.0052135290612578405,0.12635661260650038,0.07120442271655156,0.0777912220838174,0.02249305640504326,0.06743400535832507,0.030078263265800625,0.12319889983669734,0.07581539702721615,0.17533439402483453,0.10707135573770507,0.07130661420376684,0.005096249569952943,0.0867629968174461,0.04494117251273885,0.14650566525042952,0.09826212869098414,0.15620730497845675,0.09242619621765472,0.08380096331912616,0.020474404291603937,0.06659649381059195,0.029860393531369683,0.1329585529425007,0.08765997912228393,0.001082014380120483,0.0006952547533455034,-3.3805884666546215e-05,-0.00021892465097825275,0.0005356064492831603,0.00021334834843750317,0.0010549428887310502,0.0011785243698562986,-0.011427100056429787,-0.009844663699025202,-0.005219025398500984,-0.00427556222477507,-0.0006846800708739109,0.0006530282446113311,0.0028101072784597197,0.004225480228386536,0.006779640552686109,0.006334118266139721,0.0004455708234896577,7.497787130036904e-05,0.009570722143560806,0.00983109999468304,-0.0036995163913689927,-0.004015220144448134,0.16683456226895502,0.09215196379984109,0.10024795121552348,0.05063018952945553,0.1659425631683636,0.09021011601066983,0.22183056118902292,0.12056724789444637,0.14968394446213037,0.05572957845182955,0.23554937284995273,0.12722035538525633,0.1864273523462518,0.09164077296549664,0.2077949220288993,0.10408618147543802,0.17516102878861547,0.09030053707668112,0.1347290304712263,0.057019820726463555,0.12168474507769318,0.05099234418710347
38,holocron.20260602T074201.0,64311,0.3632661300363137,0.22266303593719303,0.33600426884593354,0.19885441111978522,0.3010743829149642,0.17116614327838395,0.3085383246702203,0.17918343671217649,0.07817972787640613,0.03795081562993796,0.03821325333264246,0.009203069312646778,0.38839915097767247,0.2491308967671874,0.30299418530551486,0.16447055837948718,0.3286710365947156,0.19529771541672855,0.35483115283268657,0.22265630170892955,0.3761414222218197,0.23693382517076486,0.29372745606124057,0.15545348573670767,0.33372851030993905,0.2038918714326908,0.3130890375986915,0.18101817677645912,0.24454393544737052,0.13703131724696457,0.13708228885434426,0.00018504038990621585,0.1898741311900658,0.08946743746835603,0.23436947558244745,0.12798125045683087,0.24132676322255128,0.11262313795671197,0.22947563170698293,0.10851457925698862,0.16041128652273354,0.061588902198451284,0.1721610960638299,0.06997960028953751,0.061931624092837284,0.02824949167887572,0.07480265666798055,0.03859070677108581,0.07817972787640613,0.03795081562993796,0.02147773329900456,0.0006274991387317796,0.03821325333264246,0.009203069312646778,0.13092756358270224,0.07114133134615533,0.05284195373604403,0.01017701180417338,0.07573035278485327,0.031048063940577936,0.12592068643739737,0.07135204222549751,0.17393327601095318,0.10723174332059665,0.0585248094882829,0.0011270073565608774,0.09616721267561926,0.04624842350715802,0.14430496864259845,0.09561733751066498,0.15880317733465224,0.0915303804221797,0.05876704473945915,0.009235907140752786,0.07765201603235014,0.03103152979086085,0.13586686321904137,0.08561194517467252,0.0006899483168866516,-0.001243408444799421,0.00309418242668158,0.0013017629839652267,-0.0027018114028417584,-0.004060230830018607,0.0017872815466773578,0.001342957122795918,-0.012528469130437245,-0.015514200140760298,-0.015430349976874869,-0.009499886737576235,-0.011035909054097015,-0.007599838893867811,0.004684567983501725,0.005886841190345632,0.0072105143871051824,0.006535529978641819,-0.007402184469718909,-0.004168281447596789,0.016695985743352765,0.01375488986882667,-0.004133601658912939,-0.003490370349529315,0.1620649362544554,0.08027836150114998,0.08838441851310867,0.041405698586195805,0.16191086103763186,0.07901604068102741,0.21695855018760693,0.11406309065721423,0.13832785638348613,0.03748989706604253,0.23886260178495478,0.1172486059024693,0.18480101507315477,0.08004045751954472,0.22543040220914623,0.10591259000417322,0.1876002251165003,0.08965949227639913,0.13743022229279983,0.05112212738541724,0.1365287348094707,0.05485864966623247
41,holocron.20260602T092726.0,326024,0.3745913790100856,0.2156291151128593,0.3484348036659561,0.18995883729561883,0.30264245408627666,0.15877532458859436,0.32268897344075137,0.18142345798456946,0.09267591221677207,0.04219057923539307,0.03669486540142726,0.007849039174299494,0.39829564165796694,0.24775840740575225,0.3017160979656238,0.15195174492853938,0.3328951756103377,0.18934496615176602,0.36186678188612437,0.22267208258481228,0.3852486033188008,0.23475520742922915,0.29064958077971964,0.1418200685018207,0.3420899342233877,0.20592364092533552,0.31479906108718075,0.17350139521805877,0.27174987455831195,0.14901829673754355,0.1494636719192591,-0.016990920901223755,0.19301338487954445,0.08092191483675029,0.26147968767359087,0.1389036465851776,0.2547743950766686,0.11783337856475182,0.2355462917355465,0.10971385686731946,0.1689796735676307,0.05629993001441469,0.17242235673094097,0.06433106473301806,0.07877216484038488,0.038454715447433646,0.08937492790300429,0.04316068369733128,0.09267591221677207,0.04219057923539307,0.03947816609616836,0.012015752903258292,0.03669486540142726,0.007849039174299494,0.1297082817240653,0.06628297570359509,0.05608925949271505,0.00856676520938121,0.07489187767621795,0.02718304274557845,0.12293560574663055,0.06655901097244932,0.18253112057361698,0.10922968070310601,0.05699398702629223,-0.00029975750668936874,0.09482387308904462,0.04330755948103132,0.15026437984393703,0.09717820658163745,0.15792473725842554,0.08722356336945075,0.06134788031520823,0.008721851397598457,0.07082970677165608,0.025665243643477387,0.12998588384526905,0.08218944080535784,0.0007807385289500396,0.0004921547937103699,-0.0003342781963471403,-0.00047002659326006446,-0.0012326468719239952,-0.0007547957948808859,0.0026624951082637738,0.0018429377116030432,-0.018759591215839658,-0.016001988369432313,-0.018158582900567363,-0.014437965529223218,-0.012351759964986816,-0.0078694929811291,-0.0007678058708344704,0.0035838206796199312,0.0029658897306625853,-0.0001613759151791183,0.0012856023174731418,0.0008252015454057737,0.007229640474790133,0.005438442952605427,-0.004935583333820645,-0.006773156833646737,0.16552511165667896,0.0938613844973128,0.09343472053830179,0.04972405706913499,0.16449991913282694,0.09249028804603435,0.24265191478018697,0.13204495838201483,0.13987791563425442,0.033140792357584076,0.2503899825158277,0.11968905037291774,0.18598756243368295,0.07289609781598183,0.23610282417471032,0.10720385791797507,0.1971081959122032,0.09374034506656889,0.15084366395817697,0.04990815892719494,0.13613903128580795,0.05216588791407925
42,holocron.20260602T142714.0,73158,0.4895620763191434,0.2697066411961476,0.4592307298351298,0.1945194707898849,0.4162856817508923,0.19990038051214948,0.4475059056913113,0.2322602998016156,-0.0683783961312006,-0.027841903987679217,-0.032721813807772955,-0.0035131600703514065,0.543482284060012,0.322889589416901,0.39464925616809327,0.172363492825311,0.43034255703724644,0.22355642097007894,0.4632192951070758,0.26112971619161945,0.5273655703817612,0.3067211352899926,0.37982867881556415,0.15933735853570508,0.43840411714686356,0.24155745503582837,0.40707456350211596,0.20770838611600012,0.4381790253808968,0.22009107541441136,0.1914070368938265,-0.0006527215839566836,0.28064383053292385,0.10363384772293943,0.3899839718149386,0.19892176026988012,0.3853324959243413,0.16728690170834376,0.3554648132621636,0.14772547141389109,0.2370941312498211,0.04557826429740469,0.2612970936420158,0.06424473893390753,0.08984528582726752,0.020202056598896262,0.12172084172722314,0.03363875398012578,-0.0683783961312006,-0.027841903987679217,0.024596893033145856,-0.00515267407394171,-0.032721813807772955,-0.0035131600703514065,0.21105859450880476,0.11833264000805341,0.06993392020241576,0.005932915786844656,0.10230748183183341,0.03498424758579535,0.20614633065535282,0.12393202572103243,0.27300845338478635,0.18103392580885577,0.0652429265297787,-0.000160538967785534,0.12795373299006008,0.07022012883183429,0.211449796696365,0.1518217234722026,0.23154079446296633,0.13926661103954333,0.0639267192453708,0.008831127704212544,0.09808821350003433,0.03288491182742684,0.1916723807643252,0.13443478480281504,0.004674923622494553,0.004845317274796923,0.0012056026435749434,0.0018583062332033773,0.00045215313984928174,0.0010000284656066505,0.003585454279304401,0.0027889720209222923,-0.035874707834722214,-0.03494110519062604,-0.026733906019479156,-0.022122390885916804,-0.005321877638542638,-0.0010772716294856488,0.004490686954351147,0.007863995187717715,0.00604699855006241,0.0024298647490847702,-0.0002627502815916727,-0.0009710971001715973,0.004001197805756307,0.0024064295933308166,0.0023763732730519294,0.0009625369487443469,0.32979163210575385,0.16238768891277822,0.18823282165628025,0.057141273810036364,0.3267039381280633,0.15726585970054335,0.4001331125389534,0.19862734230281376,0.19115262640728542,0.014682038762679955,0.39750497415810787,0.18236581123394519,0.2870578709590327,0.08062317815568715,0.330244536971496,0.12284428555296778,0.2658046283444622,0.09328009457900505,0.20509762035145734,0.04038770712904072,0.20429764531311606,0.045488108968993135
43,holocron.20260602T153102.0,484090,0.41762219107802856,0.24011145951344698,0.38249582280999905,0.2028545591593715,0.34161668023743647,0.1720827882994025,0.3698773653732928,0.20154836415451433,0.08453866075443135,0.03536109255675321,-0.04454849553049582,-0.008117229615055122,0.4520497439639487,0.27336167406007866,0.3397586179872759,0.16129371879007542,0.3585497778385934,0.19406767276521475,0.40089909447615335,0.23921912406389617,0.4383301018742114,0.2597895030897164,0.33101063727118685,0.15304078139420046,0.3777737317231132,0.2201222244616295,0.34019960535158456,0.17944757549179197,0.33056294945061376,0.1656755628679999,0.18838146959464702,0.02905435666934786,0.23651109469850187,0.09368672787902038,0.31970285193243736,0.16615391659086354,0.30533658055975593,0.13171862994486416,0.2878727231097064,0.12265429006007234,0.20650861569846057,0.06273411244209134,0.21059479352352922,0.06133065544990868,0.05793753903198027,0.02208232585356837,0.08306838827970148,0.032666071816796316,0.08453866075443135,0.03536109255675321,0.04207330563002951,0.004825550595331574,-0.04454849553049582,-0.008117229615055122,0.1745039918594316,0.0805606985195223,0.08263192409123209,0.011637231250269053,0.10156446095161221,0.02821895638861366,0.1724056582511932,0.08401152077650964,0.2285889652080409,0.1289399535417431,0.0786999497098025,-0.0006636521332936129,0.12021305692451865,0.049733573808203035,0.18752346160916417,0.11619384801207011,0.20683919783509197,0.10686959158485393,0.08263852360349018,0.008663938292761852,0.09905246231090585,0.028154288950303752,0.17855795482142822,0.10790762444151414,0.0019054141280164805,0.0014923409719473923,0.0007194672621152476,0.00025132373952510556,0.0012057355185011998,0.0012200090436103594,0.00237203600545767,0.0023750902579444677,-0.027791681078331784,-0.021762641493890594,-0.02353111556147558,-0.01621217910072431,-0.007695406200852767,-0.0021161059197830068,0.005019388520980286,0.00967695715764233,-0.0036135740695360935,-0.0032661167018911974,-0.00038397074801535536,-0.00033643717710596377,-0.0015017372223116027,0.00023965721181543054,-0.0022243627294429996,-0.003735808546754399,0.21527059989024727,0.09119759774945291,0.11506374143607237,0.025993937289340074,0.21489391189077922,0.09012276264922431,0.29797137397643364,0.14621131308034668,0.17395309385061652,0.041546859589484564,0.30509868276957364,0.13773330744585577,0.22678155710035153,0.07229611784675546,0.2811399920832353,0.11626066048582662,0.23450030844603442,0.09739848712234067,0.18371628811423707,0.05647909268227613,0.17737110884778318,0.05472527480958228
44,holocron.20260602T221811.0,1716923,0.4075618464870214,0.22494297305557956,0.38256021905068016,0.19507249308607708,0.33565487445213593,0.16604250530026068,0.356551920199886,0.1888252319654076,0.08993596928190294,0.038996073094178935,-0.05067809480197258,-0.011997316685215503,0.44449670389689155,0.26253615461508795,0.3394060806859932,0.15580757775296236,0.3618544356853612,0.19457601838652758,0.39048107329578424,0.22721305430970765,0.43097222110125005,0.2492116181565032,0.32675363207978075,0.14410295901643286,0.36731012334919894,0.20868980502606796,0.34423527363674006,0.18051558038719343,0.3394721556878998,0.17368528445823564,0.18464460603119662,-0.023021622215108645,0.24496839203289164,0.09849657389089242,0.31929120997045113,0.16579891917581172,0.30885978057095087,0.13447698096839547,0.2892892148472877,0.12535906556437046,0.20190554984649417,0.059316309217073204,0.2222973916806803,0.07154011450023232,0.05204594660193761,0.023061747870012722,0.08971695042926785,0.03677916677283463,0.08993596928190294,0.038996073094178935,-0.0487101392509809,-0.01417722365291657,-0.05067809480197258,-0.011997316685215503,0.18334447204131363,0.08660137797773829,0.08855697192190307,0.009393372027619168,0.10820102906638815,0.030959143663479766,0.17892948173132808,0.09134523691187216,0.23967643920262058,0.13495776568290677,0.08395301453657705,-0.00197202274949429,0.12823148587301497,0.05266606642454394,0.19161033776639416,0.12158214284374533,0.204663377027038,0.10263629141511962,0.08436120166456379,0.008334778181725344,0.09759240831501653,0.024092321753114848,0.17184545857734637,0.10480529390119733,0.0027351724934929905,0.002287639471751063,-0.0002699823228272946,-0.0002685680818824143,0.00237508477757864,0.0021030442024051743,0.001993711526796102,0.0016944126253169711,-0.027599798930018016,-0.018369528727364637,-0.03404553851280588,-0.024069579067036467,-0.011754498310261208,-0.00415292153341032,0.004226131982569173,0.010152179357270252,0.0016265948417855253,6.354013133869074e-05,-0.001217224915465387,-0.0019404137142745026,0.004857848680684479,0.0057163441465641895,-0.0020896655482060544,-0.003956606978948646,0.25623035238111674,0.12702486223553047,0.17249444407956813,0.06664750684630313,0.25053209848386065,0.12234215240241528,0.3046293956258389,0.15248566510184872,0.17017018525873268,0.038035909351751856,0.3119554253736923,0.1439223335703649,0.2401131623207676,0.08515068896895242,0.2710633210104284,0.1096127639675599,0.2237669253806049,0.09231279901907094,0.17656986091137258,0.052076163471910075,0.17366963507493824,0.0552857370792231
45,holocron.20260602T221811.1,1244870,0.4985287958267397,0.2751666482307462,0.4304142549309692,0.20143181754419812,0.40732237626710843,0.19222123282214001,0.44406194163845125,0.23030809720131282,0.10107138256333464,0.02430152218826151,-0.022223165384661972,0.0021362210122712055,0.5451931536746635,0.32388190257022054,0.3735603889064338,0.14916356247654852,0.4323618725336698,0.22105245620639755,0.47863770019089225,0.27495115567328354,0.5343684552019679,0.31317029312913525,0.36470544994352877,0.14120264599362556,0.4582544962219416,0.25915820520081023,0.42010348378160234,0.211421787747651,0.4485602183629604,0.24194914904695983,0.19105843827976207,-0.00862168347413475,0.30868442879713276,0.11094693575214168,0.42489719838340456,0.22137799245241627,0.3934390492322501,0.1743758378566823,0.37795156582931927,0.1645594948956526,0.22675903768151723,0.04245209988155721,0.27648379646143567,0.07463149921652681,0.07278022698830192,0.020071580377328674,0.09938117701249315,0.024095003449603775,0.10107138256333464,0.02430152218826151,-0.0002459675018841546,0.00042383927821951217,-0.022223165384661972,0.0021362210122712055,0.24460114505405106,0.1227186763147162,0.09774484076735376,0.003264331412726945,0.13292297075810458,0.03309106720308083,0.24423844948605478,0.12679060056182576,0.3144737374022996,0.19135709174784274,0.08361180902854573,-0.004436074871659507,0.15973989928535937,0.06634544913998616,0.27017189821304727,0.17663015209922764,0.27536807973305805,0.14841483939770836,0.09908939159731808,0.006877567860081951,0.1267394200555936,0.02931585364964087,0.2380015904848587,0.15163103890224147,-0.0011840833271325596,-0.0013681926418906698,-0.003173786531583539,-0.0028476973516234627,0.00014449143704053924,-0.0002556968988516317,0.0005869453779663997,0.00018482328464369813,-0.009918156278353796,-0.010072429547203082,-0.022024803622868544,-0.014877559318837719,-0.009188570260072387,-0.0036337381089580068,0.004652569347897179,0.008491082203075845,-0.0012494195304124933,-0.002323265677292158,-0.0008527564951742728,-0.0009758532587262059,2.5402864872042796e-06,0.0007768792560187143,-0.00045120395397948987,-0.002207760888318644,0.39108508828977434,0.2067289458438589,0.24400435612464721,0.08537874481185839,0.3892111626146189,0.2051023025093404,0.419065594025051,0.22556904811138498,0.17617182436198875,0.014356597808638932,0.4060690333272091,0.19188126300386807,0.2883029534378819,0.0821627884240643,0.3355684287068013,0.12681358140512075,0.28743117215396297,0.10718855091293158,0.20073107694864095,0.03995199383486073,0.20617541706986325,0.047340999065726114
46,holocron.20260604T155451.0,280136,0.4187777664575263,0.22928328760044048,0.36293572258078943,0.1738990921892407,0.34394450811377675,0.16718231216388812,0.38135142648889897,0.2026974971644525,0.08703009610505533,0.020000031836545,0.029322186124520734,-0.0033883311424384166,0.4583333648839609,0.2679900723063528,0.3203255609021015,0.1311727556878015,0.36352972216794244,0.18547100111315284,0.41825239035429257,0.24086349164317,0.4484371782988625,0.25822813529448996,0.314384255807473,0.1256147076847574,0.40027479508426184,0.22570568218597947,0.35168404828107014,0.1754807823039789,0.33275274626341017,0.17001854890258888,0.16008777768995058,-0.0017574796753121458,0.228462112015687,0.0736176498994413,0.31450182112469044,0.15011459864104998,0.295672000435307,0.11729400263737466,0.2867942224002015,0.11381554418181722,0.17241141613195246,0.0307044594792463,0.20634283645175772,0.05206112473774341,0.07092148401811924,0.025260308030815776,0.08019433552763044,0.020638900663814325,0.08703009610505533,0.020000031836545,-0.009975223308285704,0.003590668496915639,0.029322186124520734,-0.0033883311424384166,0.19019984556885,0.08355395398180465,0.08749289592547353,0.005316299403159641,0.11658296817055062,0.026777927456043626,0.19189847005622368,0.08642737200054956,0.25213480790886283,0.13482251542214374,0.09384340756452066,-0.004787900757047936,0.139286252876125,0.04537922516314247,0.21309488825734635,0.12271517225285533,0.22852971342463485,0.11225244569498377,0.0899661963579912,0.00047796910163774853,0.11717843944451113,0.029189966846088544,0.19888766641267308,0.11206149359284817,0.004167001167119877,0.00342410073514815,0.0005018361180168657,0.00035027723462394134,0.003892492873554934,0.0033066483726603424,0.0007852485996230341,0.0006809022087309324,0.008611188725112712,0.004212445791780428,-0.01828525848421282,-0.01266594582199021,-0.011095759992297977,-0.004325407580394153,0.0021969137811877343,0.007479361881830432,-0.0002904377770510669,0.0009616337916692752,-0.0006834827379489095,-0.0008124855947437837,-0.0005970601742565085,0.0013727293225274662,0.000959675021876924,0.0005425116407406505,0.24870752970757154,0.12429917863308482,0.13986835161618602,0.04810088539286331,0.24763484004265324,0.12273333056548263,0.2834881277490646,0.1448202254256119,0.13889827658794715,0.012553535969296648,0.28776005989913284,0.11654041706131846,0.20440173852290774,0.05016200224816772,0.2730794416113816,0.10279023883103777,0.2340152593076579,0.09190555633684827,0.1593588347114921,0.03225191983960307,0.1703444856236941,0.04727508299718525
47,holocron.20260604T201230.0,1683874,0.5035311844096928,0.27416620802103586,0.4284162452432932,0.18840582571928496,0.38292881256237826,0.16588688429906304,0.4388694916809781,0.22399456061663717,0.12306607536426457,0.028980070512110018,-0.057984342871364995,-0.0021315627618613553,0.5416860358648917,0.32035034544007224,0.3846873674759445,0.15361145974209037,0.41739849674339247,0.20594467616016895,0.488835479892021,0.2793279491115642,0.53144686797003,0.3102369541947383,0.375335250999945,0.1457247413336489,0.4710998245828761,0.265317619319022,0.40499278604638844,0.19727094224456357,0.46248797114848245,0.25510121253405793,0.208362566076003,-0.008328264040343925,0.32619600662689185,0.12038786074718635,0.44515201941556787,0.23370126496639623,0.4165065618929118,0.19333597463156973,0.4033189532783682,0.1857734441123923,0.22051187221495586,0.03253212784879542,0.296721103620593,0.09120725102073282,0.08109772612604638,0.020608528522050945,0.11875506230592046,0.02712862444867617,0.12306607536426457,0.028980070512110018,-0.03481037325835277,-0.0023008864587838185,-0.057984342871364995,-0.0021315627618613553,0.2657658563133448,0.1438663416036351,0.09405778995137104,0.0009792779450384925,0.131709382297335,0.036141866483591745,0.27275879017809324,0.1505336638751451,0.32918088546005875,0.20422829164360623,0.0867940872554735,-0.004571840316414499,0.15377419242772358,0.06282353633953819,0.29244381803262376,0.1946024768748611,0.30642059580481673,0.17928150112546293,0.09282758837895569,0.003831657136118549,0.13454316040667172,0.03833432754386351,0.2735530760576401,0.17836168661782886,0.0016800717895486539,0.000983250037541683,0.0013782978798909384,0.0009575691714833745,-0.0006628439945835229,-0.0007861124151637422,0.0012042810111888014,0.0008386881522122747,-0.00736714780680979,-0.003499968151552957,-0.019348628712062554,-0.012853340592777374,-0.007100424080980092,-0.0023166268304394277,0.004633607293810321,0.010635919998974008,0.0006602034764327386,-0.003508115943871404,-0.00021049178319271222,-0.0012703867574241912,-0.0006675603017106541,-6.101260855234658e-05,0.0013924073530621611,-0.0030726793789398466,0.44352621071719955,0.25320329475449355,0.30278935315724814,0.13342703881978638,0.44169912182044163,0.25137524309947035,0.4373630857008319,0.2466127105903065,0.1834899426342917,0.014518838380079807,0.44126534233464054,0.21931401577025014,0.3194574376290549,0.10427628609824477,0.3486364991613545,0.13823684015753815,0.30557301481726895,0.11864053058605153,0.19774047175931087,0.02942227629108754,0.220736400401938,0.05717531629799691
48,holocron.20260604T201230.1,1717745,0.41087559933569,0.23196315033480913,0.3562588683650649,0.1750308475581569,0.3233485666847899,0.15910181592809708,0.3656346722946176,0.1962049066849073,0.10236752611027496,0.038681034793148494,-0.03038382921533883,-0.006445370464423589,0.45191699147485814,0.2714691309602621,0.32771344397339697,0.1446423002867157,0.3457485753024687,0.18185888469479367,0.39893229101602645,0.2358346255238296,0.4422154861914001,0.2619315479083794,0.3165787172141359,0.13451326992699114,0.379305869591533,0.22028843900218714,0.33337657584592534,0.17206699390710584,0.37710820659027877,0.21234396428251967,0.18776622435468562,-0.0002729306197859216,0.28309695614171415,0.12408462243128726,0.3594088433849104,0.19731585481885633,0.3463027374162106,0.1682623110675852,0.33074769641716145,0.15801273751239997,0.20516596716781732,0.056608291519335496,0.2577562651814754,0.0933297564883438,0.07954440148232987,0.025166701293832167,0.1005496722276085,0.037315377055397114,0.10236752611027496,0.038681034793148494,-0.026731505047513798,-0.011139960992620934,-0.03038382921533883,-0.006445370464423589,0.22073534486709223,0.11266968735503169,0.09233917565418484,0.00889217114150792,0.1209073831982963,0.03514127904150288,0.220312556713897,0.11798591850169271,0.2752245925450943,0.1667753607727392,0.08343902401681882,-0.0031768453490711723,0.14490110063482095,0.0631687510835588,0.23607563064720744,0.15578583621159942,0.24408821591353425,0.13382337984827958,0.09629076652159052,0.00889078415287875,0.11647652963118005,0.03308634286048112,0.211476219673903,0.13629748470739228,0.0038370858156448057,0.003280833146446671,0.0025382875792686055,0.0020920655303379443,-8.96057612498613e-05,-2.9200597247258653e-05,0.002543720436007313,0.0021406136716342616,-0.00975846428933562,-0.004162151765964378,-0.01756783895378279,-0.012141957963889477,-0.014379988507102898,-0.0054348875511530115,-0.0004557351329003978,0.005050409763039221,0.00539732865277151,0.0022989858071428837,-0.00033593148681823615,-0.0023290092921556815,0.004984442040046902,0.006635145602391729,0.001488708760596938,-0.0018249591433035506,0.3287971407580657,0.1752506458143251,0.27030453908377733,0.1242011222721105,0.31277506110380926,0.16314240987087536,0.34750479947901375,0.1926475351360178,0.16820589044236992,0.03283617057058097,0.34406912667625195,0.17363677393429994,0.2807934334947504,0.11385736815022751,0.3067708577259327,0.13646088010798652,0.2728382886073266,0.12112239279698073,0.1851345970809173,0.0531552605661377,0.20396881401909234,0.06689047033725817
49,holocron.20260604T201230.2,1576084,0.36010987987090615,0.21257905017488904,0.33434026726492594,0.18480809912537632,0.28947987816032,0.15675073421615188,0.3086006255163301,0.17869204184916543,0.10308631299018955,0.050856383821844764,-0.04438063224094111,-0.014461141587436638,0.39853919333317883,0.2522079510664746,0.29798209975356876,0.14992360265411514,0.32391181621204496,0.1863407247070859,0.3599804076255817,0.2261490586566109,0.39002529565912086,0.24369824674669033,0.28678592789644336,0.13945500998985355,0.34402397402036683,0.2130529051619871,0.3139612768074636,0.17777679141852964,0.31746597179238606,0.19261107670312777,0.1554224938707913,-0.0007312342923933013,0.235709665939629,0.11306958349871282,0.29411607595718464,0.16951027541632452,0.2821285023799467,0.14315063926567345,0.26870207721700295,0.13677593488763162,0.16325246966112086,0.05256512148526074,0.20228657539779624,0.08327525765583896,0.07382853306962295,0.03936069857082469,0.09988948270631093,0.05037190047808526,0.10308631299018955,0.050856383821844764,-0.005921925315252791,-0.009121186627036426,-0.04438063224094111,-0.014461141587436638,0.16827834218951754,0.08888814074486884,0.06625402342636001,0.007309411949350281,0.09495362033272496,0.03155594841659312,0.1677280291443114,0.09071433459704392,0.22865460708213808,0.1420113510282609,0.06806479178667162,-0.0027941948550171125,0.11997328717130158,0.05547113005730617,0.19691616378824367,0.13088397659144663,0.1973069017627717,0.11306821604888984,0.06980141122962595,0.0054263522115979845,0.09188339669440711,0.02952802892730544,0.17665227857910215,0.11564897476275915,0.005710032116353916,0.005336455811803725,0.0037623916454378598,0.003271134214790805,0.0003051041165997026,0.0004997034995510297,0.004537629115777875,0.004727938626995831,0.0019213659800211003,0.006796502348228511,-0.01368300548647823,-0.010172360826221527,-0.00892642396046868,-0.0011231551530958561,-0.0012667595438488055,0.004512224615233873,0.004238304794566494,0.001479060171370672,-0.0005332267867668855,-0.0018081323507683211,0.003166934614429004,0.004064141033028906,0.0017263756037610989,-0.001509762427399336,0.23747627542578056,0.13532054183215775,0.19406126669711662,0.10185390173834863,0.22412483877282458,0.12568078289829626,0.2744669836610541,0.16716517288846267,0.13697555387514623,0.03306744476901147,0.27506108837730175,0.1446137419291869,0.2228904145339731,0.09931277255977744,0.2533685971290905,0.12524775343068523,0.22162581389571664,0.11250034128977704,0.14632390892191888,0.046764873675148366,0.16224134129786658,0.0683934666979776
50,holocron.20260607T190441.0,1711728,0.43349640256173666,0.24216654396657342,0.394715527201035,0.20394391095862693,0.31323421421587905,0.15284005952074078,0.3734333952900708,0.20075852697636773,0.12331389778929144,0.05130935420177066,-0.031142788352833975,-0.003410311912470182,0.4566595706777493,0.2703058502828979,0.3529131011807901,0.16379356737457454,0.353396132052201,0.18318172289811127,0.4160201792450134,0.2410514866771087,0.4475733406890474,0.2613397491747059,0.3405466459176588,0.1523990054175792,0.400693682648167,0.22808614805107505,0.3409079558109704,0.17280401800894132,0.37480635671098295,0.20776217617430867,0.18756235062656662,0.018611146218794256,0.26630325041067626,0.11397126005484084,0.3560003808378574,0.19316768878666077,0.33234707948595826,0.15079767439298217,0.3202243706745094,0.14537772276494929,0.20204364176347528,0.05808831398459352,0.2356397805508475,0.07663374500370615,0.10496115171852254,0.040535653871200644,0.12584577379565007,0.04959053592794635,0.12331389778929144,0.05130935420177066,-0.02806993013059518,-0.005891966937587284,-0.031142788352833975,-0.003410311912470182,0.16335322866872592,0.08440899259982823,0.062178752805830295,0.004423190824707296,0.08755845643270393,0.026478860584975034,0.16745654819149514,0.09444611217512591,0.22935976099052874,0.13988761136871167,0.06756550134355901,-0.0035785319227236434,0.11039332329964224,0.0488911379099049,0.19360788998013728,0.13069937845496468,0.19537351460727448,0.10911824732395428,0.06474061114326846,0.004925779411992126,0.07495769920787401,0.018365103504171948,0.17970975050361965,0.11900009228972583,-0.0008630961415208444,-0.0008429941262134422,-0.002047785893015644,-0.0016261036399226603,0.0010906457594287017,0.0008393686806067446,-0.00012317929645121184,-0.0001857456235572208,-0.026782519329967405,-0.020221214239575014,-0.01379228080222164,-0.00960606604598993,-0.00653472697556122,-0.002760623240605581,-0.0006822947504071808,0.002352480167268356,-0.00431269431657455,-0.004532952353016456,0.0001717187469270215,-0.00041401070613378277,-0.0006895378060459562,8.812767083057893e-05,-0.004054714692103847,-0.004834055759082079,0.3086886032206046,0.1594348580748838,0.23622960933770737,0.10133771723078908,0.29719997061315856,0.15013812445515248,0.33953696455598137,0.1843030173540465,0.16728563354145248,0.03523105676228491,0.3358752025409486,0.16338406535491587,0.26530142081897895,0.10231666519525559,0.296449617283221,0.12429562377685557,0.2556456987167719,0.10864339291743089,0.18090732342784388,0.05264496605253116,0.17874850779658247,0.05189782513661015
51,holocron.20260607T190441.1,964797,0.34907023024479555,0.19879407459120996,0.33351343875207234,0.182467842263541,0.2556815409633629,0.13081732574640154,0.307915713982913,0.1754270573955794,0.09386531427405437,0.03857885070639766,-0.0013389067137360754,-0.005954454676506571,0.38338405598176123,0.23344715631832735,0.29718529658777043,0.1474127825148071,0.3000318974197515,0.165037913856949,0.3495189383784345,0.20888190752980756,0.3735633254785299,0.2236618619801043,0.2854208923189434,0.13623733601690663,0.3340972590323467,0.19563326955228938,0.2845457533188516,0.15236443862254995,0.30867074463544186,0.17777563801877466,0.1618616080895459,0.026008616760206743,0.2265011703516071,0.10606527276419397,0.2936519377756575,0.16394871796810684,0.2762211572160582,0.13383758736913193,0.26518678491879216,0.1280134705051756,0.16241309384716293,0.049678844979779646,0.19338724595519477,0.07266507084332152,0.078658786785097,0.032362955112189895,0.09455647672472421,0.039130342775565846,0.09386531427405437,0.03857885070639766,-0.02770705835655809,-0.0023407964152718785,-0.0013389067137360754,-0.005954454676506571,0.16396386691768872,0.08801038250042337,0.07461939243081976,0.009486315232493936,0.08243412721600839,0.027388906691768244,0.16648184474966204,0.09350366287638623,0.21582076031454628,0.13131206494643394,0.07413893613515406,-0.001375078003052005,0.10067104849577564,0.04570478391914118,0.1871928061387113,0.12407666681975649,0.19099875379388986,0.10988305369464896,0.07152973839621495,0.005816194823561188,0.07896608650038785,0.024820960225931,0.1773370682604467,0.11620698054042278,0.002697477336546364,0.0020925801924986387,0.0005265118170297151,0.00030635548569393767,8.977141129493105e-05,0.00010957900495189854,0.002260583863194651,0.0019406306709068288,-0.007004614421565275,-0.003640364235226873,-0.013487707185140127,-0.009416798719969643,-0.0064145680766820035,-0.0019326632315032344,-0.0013511584824265066,0.002453733037415168,-0.004100108952986958,-0.0033094138738528067,-0.0011322874936275096,-0.0013278710903955049,-0.003453038766264238,-0.0013504906347190926,-0.0005454008315462916,-0.0015196657669304947,0.24012371472068794,0.12986544004331918,0.1824800022674773,0.08577259962705491,0.22795360185279318,0.12009490387266525,0.27206974989126176,0.15456176560688423,0.13983862595856403,0.030328790390165283,0.27519540804557485,0.14036249693432445,0.22167178446830813,0.09550363693191338,0.2455924773985717,0.11223772447684766,0.2127509189284638,0.09867875821401623,0.143826382793732,0.04496141320544181,0.1509380139900858,0.054631462414955145
55,holocron.20260609T093602.0,1685175,0.41485108094259754,0.23426218714443012,0.37497930969837595,0.19301280293249531,0.3229032847392786,0.16692639783146837,0.3645910933553434,0.19919192091939744,0.11143224243077982,0.03848742676781902,-0.0030262636239241428,0.0011106061692704727,0.4534960955841598,0.2790067684516875,0.3322343367023404,0.15579729908635634,0.3672503406319408,0.20277045463828205,0.41709238845823626,0.2527544964825805,0.4468885557693189,0.27254019268143537,0.3238911308387847,0.14798866197723418,0.40431545784025674,0.24217072124142155,0.35853210327038887,0.19549295306732542,0.369155773078239,0.21261530499958922,0.17835419187950383,-0.031709735419088225,0.27513145258573024,0.12476861178105922,0.3457404793575852,0.1890223093024914,0.32339376023287164,0.15242158577182016,0.30692421486516014,0.14330485016311276,0.20001001860778286,0.0636998342512777,0.23958454647736768,0.09005135088048158,0.09465656031427756,0.039440326374504286,0.10811494107292169,0.038387138688283085,0.11143224243077982,0.03848742676781902,-0.023058329975588668,0.003971702797941401,-0.0030262636239241428,0.0011106061692704727,0.17189240902192382,0.08851655386672966,0.07682859188645078,0.009481672123019674,0.09314390156929522,0.027244909665502443,0.17592707869004842,0.09619213511066046,0.23993620798315884,0.15031110366397823,0.06436415652497124,-0.002677161280879803,0.12329339096380332,0.05743429561370331,0.20607894889358613,0.13682332001783323,0.19569968534074222,0.10764516906777774,0.07025843142268554,0.007805148241840865,0.08468064838611208,0.020848439105801503,0.18209790897477585,0.1173623095287886,-0.002180092654999133,-0.002715014417985301,-0.0026531234396866277,-0.0026367505035781447,-0.00018185865347666863,-0.00045599708384050364,-0.001225295651941613,-0.001902680460649897,-0.009892154238085205,-0.005404997526817612,-0.014911987033195448,-0.010449009277194471,-0.009904751065484246,-0.0044228346559185006,-0.0032436735051724064,0.0006904067480621445,-0.005874893323388211,-0.005383648951736014,-0.0014956307969420657,-0.0013244395829811462,-0.0004674461038200045,0.0003754435442885895,-0.004779807976137196,-0.005434958822506747,0.2850098583918491,0.1515899171756049,0.22111110668218187,0.09979000033745675,0.2708844702280311,0.14054400295782513,0.32980891070669344,0.18660943437264502,0.15254713584981866,0.036084126919253834,0.31443394853624257,0.1513000436159235,0.2554276570441661,0.10259367091589436,0.2960391956048149,0.13363169681894152,0.2550271585129465,0.11622230593443164,0.18540646321607265,0.062244853599543654,0.18788036316821868,0.06766630013797978
56,holocron.20260609T093602.1,48812,0.3684739427511696,0.22567755295281752,0.3414567999936342,0.1957709884084121,0.2905815534789597,0.16815388874109852,0.3206514882982915,0.19369540090305562,0.1196917362842793,0.057079897773356564,-0.027712371986914047,-0.010885099160884038,0.3979521136182651,0.25107305239358757,0.2900807166590521,0.14618378390398098,0.33303120568417344,0.1973093558063901,0.3668384974801137,0.23189108117272508,0.3943266067145256,0.2473954718942132,0.28854354845632463,0.14499770169860401,0.358946387271798,0.22547806770038273,0.33138163694956,0.19568037488836024,0.3092191186740662,0.19531602049300692,0.13522033345448412,-0.021912874681992933,0.24708372174081636,0.12933204812833918,0.27828421932501424,0.161485016212666,0.25715456194072966,0.12603286638831332,0.24128808723859674,0.12004201418410762,0.16814880329009707,0.06606576440517783,0.20850514618129012,0.09437960441557061,0.09712899367608559,0.04727662281487549,0.11744802070041906,0.057577314546251035,0.1196917362842793,0.057079897773356564,-0.018933008605060166,-0.007311769523275974,-0.027712371986914047,-0.010885099160884038,0.1662988762742273,0.07962666190184026,0.09704226696109891,0.022461130466318674,0.08993998236205414,0.036795678546301946,0.16384970254501546,0.0838777342882647,0.23332586955501,0.1474017298184129,0.08021909740728489,-0.0035296363895065963,0.13789220368810318,0.0696805290003284,0.20775348268683402,0.13290878749986154,0.2030808955959763,0.11416581363019421,0.10656487276773433,0.020998851474291147,0.08883211989886586,0.036369118897562,0.18915539500126366,0.12152447951073661,-0.020044946928814387,-0.009913716637420966,-0.010771267512044186,-0.007200231254534034,-0.006076831013930105,-0.004582636334803908,-0.011793350537593554,-0.005627054406486448,-0.01311809355818596,-0.01278559217336575,-0.03984839770391807,-0.02261633968127083,-0.01681755468369482,-0.012503316473762155,0.0012874846491702438,0.005963373844445841,-0.006976573331735958,-0.008460580719683974,0.0018221287353854948,-0.0020296472651676056,0.0039153648645863515,0.005353896108821615,-0.011566428517951075,-0.01069030313129865,0.23813491975056406,0.14796359879521995,0.20354996988811322,0.11365432515833615,0.19890151393839836,0.12250658011502527,0.27235202627305766,0.17380971718566426,0.12228039338140112,0.024885470242982377,0.2468815802023138,0.1286447171681346,0.22354858622736656,0.109926003027601,0.25698022399814985,0.12824060129188156,0.20725497618209285,0.10660412254614601,0.14877819322783212,0.061714860424857326,0.16688203144598332,0.0770417817051591
57,holocron.20260610T104640.0,1211088,0.4085742967546672,0.23657997623793608,0.37093300088213493,0.1949317321513782,0.301947084217035,0.14911847090846886,0.3592605026115967,0.19706691455092956,0.11916069693874261,0.040825393816400574,-0.041908935514353415,-0.012439911609550713,0.442182525647642,0.27002094505331375,0.3254769910516603,0.15273830423239187,0.3444210566745431,0.18493230504267794,0.4075606272387204,0.24383452389936627,0.4339124069006332,0.26179532349741186,0.3158035107839794,0.14318289130649775,0.39301649970704916,0.23140931755444716,0.33363001841543366,0.17578108543303278,0.3639519644295967,0.20632016853186363,0.17727967675100187,-0.04020997448493635,0.26242546584765514,0.11381669837799746,0.34605950736372665,0.1898865011231321,0.31511710336057575,0.14730946391154104,0.3031322498790452,0.14097267949928166,0.18776247476265792,0.05295559876601458,0.23269942091188914,0.08100313397643638,0.09635247938170957,0.029345499429605515,0.11652909234987463,0.03906509980250042,0.11916069693874261,0.040825393816400574,-0.03775727204368568,-0.012033745704063459,-0.041908935514353415,-0.012439911609550713,0.16483202952451526,0.0835244836923848,0.06337818702473295,0.004331427140835675,0.0854354346813652,0.021642834158726504,0.1749761794201542,0.10037065919348459,0.23217328603744908,0.14914934654658318,0.05755829814020551,-0.002579343004787904,0.10934154317409496,0.04948349701843749,0.20638412751690172,0.14183185843554225,0.1996957475022741,0.11496872000996278,0.060991197556262686,0.004736797001210463,0.08355314211270191,0.02116184868458512,0.1888404977085339,0.12709200953105565,0.0032930026951757257,0.0025951088709691428,0.0012584044451564996,0.0009099711073699002,0.000773120118152712,0.0004624963490160172,0.0031394339928279974,0.0027462916233352563,-0.02606262580116793,-0.021551440218073092,-0.01637357718691837,-0.012306689301996354,-0.0063762239000976495,-0.00342521389443623,-0.0013984321633168095,0.0014682525667883972,-0.0005410757317138165,-0.0014055644882148277,-0.0004090215616453091,-0.0006586429322908982,0.0003391960552783374,0.0009153439572820443,-0.0004924383348133415,-0.0018378919492092194,0.2793654330030945,0.14921361779886327,0.21059388475875432,0.09101767148017087,0.2717025260532348,0.14267342258440618,0.3253221590598564,0.18153003135803963,0.15129153241179435,0.034006689977751914,0.31547759737173997,0.15500876944056896,0.2497270206848771,0.09771456104987669,0.2863500532988585,0.1255515010145704,0.25021350093560407,0.1110843235228191,0.17258630237688222,0.051747987053157585,0.18166101822103506,0.0574044889299353
